date,size,latitude,longitude,address
8/30/78 2:29,4.5,39.10 N,124.2 E,북한 평안북도 철산 남남서쪽 84km 해역
9/16/78 2:07,5.2,36.60 N,127.9 E,경북 상주시 북서쪽 32km 지역
10/7/78 18:19,5,36.60 N,126.7 E,충남 홍성군 동쪽 3km 지역
11/23/78 11:06,4.6,38.40 N,125.6 E,북한 황해남도 안악 남동쪽 15km 지역
12/4/78 15:16,2.8,37.40 N,128.7 E,강원 정선군 북동쪽 4km 지역
12/12/78 21:58,3.3,35.90 N,126.3 E,전북 군산시 서남서쪽 38km 해역
1/1/79 0:11,2.9,36.60 N,126.7 E,충남 홍성군 동쪽 3km 지역
1/24/79 0:40,3,35.70 N,126.0 E,전북 변산반도 서쪽 약 40km 해역
1/29/79 10:06,3.3,38.30 N,126.0 E,북한 황해북도 사리원 남동쪽 31km 지역
1/30/79 0:33,3,36.10 N,128.3 E,경북 구미시 서남서쪽 5km 지역
2/4/79 9:29,3.7,38.40 N,125.7 E,북한 황해북도 사리원 남남서쪽 13km 지역
2/8/79 8:52,4,36.60 N,126.7 E,충남 홍성군 동쪽 3km 지역
2/24/79 14:44,2.7,38.30 N,125.1 E,북한 황해남도 장연 북쪽 6km 지역
2/24/79 19:00,2.9,36.60 N,126.7 E,충남 홍성군 동쪽 3km 지역
3/12/79 11:09,3.8,36.60 N,126.7 E,충남 홍성군 동쪽 3km 지역
4/9/79 8:49,3.3,39.70 N,125.7 E,북한 평안남도 안주 북북동쪽 10km 지역
4/24/79 5:44,3,36.80 N,128.5 E,경북 영주시 서쪽 11km 지역
8/13/79 12:12,3.5,36.30 N,128.5 E,경북 군위군 북서쪽 10km 지역
8/14/79 10:05,2.5,39.50 N,125.8 E,북한 평안남도 안주 남동쪽 17km 지역
8/18/79 16:34,2.4,37.00 N,126.4 E,충남 서산시 북쪽 25km 지역
8/24/79 8:30,3.8,36.60 N,124.0 E,충남 태안군 서격렬비열도 서쪽 137km 해역
8/30/79 0:39,3,38.30 N,127.9 E,강원 양구군 북북서쪽 23km 지역
10/10/79 6:59,3.1,38.90 N,125.7 E,북한 평양 남남서쪽 14km 지역
10/27/79 12:59,3.7,39.50 N,125.7 E,북한 평안남도 안주 남남동쪽 13km 지역
11/19/79 4:13,3.2,35.90 N,126.1 E,전북 군산시 서쪽 56km 해역
12/19/79 7:32,3.5,35.40 N,127.5 E,전북 남원시 동쪽 10km 지역
12/20/79 15:07,3,36.20 N,127.3 E,충남 논산시 동쪽 18km 지역
12/25/79 16:55,3.2,38.80 N,126.3 E,북한 황해북도 신계 북북서쪽 39km 지역
1/8/80 8:44,5.3,40.20 N,125.0 E,북한 평안북도 삭주 남남서쪽 20km 지역
5/15/80 14:43,3.1,38.30 N,125.7 E,북한 황해북도 사리원 남남서쪽 24km 지역
6/30/80 13:29,2.8,39.40 N,125.7 E,북한 평안남도 평성 북서쪽 23km 지역
6/30/80 23:00,3.6,34.00 N,126.0 E,전남 진도군 남남서쪽 59km 해역
7/26/80 5:59,3.5,38.80 N,125.7 E,북한 황해북도 송림 북동쪽 9km 지역
8/23/80 11:24,2.5,37.10 N,125.3 E,충남 태안군 서격렬비열도 북북서쪽 59km 해역
9/25/80 13:00,2.6,39.50 N,126.0 E,북한 평안남도 개천 남남동쪽 24km 지역
11/28/80 12:59,2.6,39.40 N,125.8 E,북한 평안남도 평성 북북서쪽 19km 지역
11/28/80 14:27,2.7,38.80 N,125.6 E,북한 황해북도 송림 북북서쪽 8km 지역
12/1/80 13:29,3.5,40.70 N,127.2 E,북한 함경남도 장진 북쪽 35km 지역
12/1/80 20:46,3,40.70 N,127.2 E,북한 함경남도 장진 북쪽 35km 지역
12/2/80 12:13,2.4,-,-,서울 북방 약 220km 해역
12/6/80 0:08,2.8,38.40 N,126.1 E,북한 황해북도 평산 서북서쪽 27km 지역
12/23/80 7:04,2.5,38.20 N,129.4 E,강원 강릉시 북동쪽 67km 해역
12/24/80 21:38,2.7,36.00 N,128.6 E,경북 칠곡군 동쪽 18km 지역
12/29/80 13:00,2.8,39.80 N,126.4 E,북한 평안남도 덕천 동북동쪽 10km 지역
1/2/81 19:08,3.5,39.70 N,124.8 E,북한 평안북도 철산 동남동쪽 14km 해역
3/10/81 15:24,3,38.90 N,125.7 E,북한 평양 남남서쪽 14km 지역
4/3/81 18:39,2.6,36.00 N,128.9 E,경북 영천시 북서쪽 5km 지역
4/6/81 18:42,3.7,38.90 N,125.4 E,북한 남포 북북서쪽 17km 지역
4/15/81 11:47,4.8,35.90 N,130.1 E,경북 포항시 남구 동쪽 67km 해역
5/19/81 13:59,2.8,39.40 N,125.6 E,북한 평안남도 안주 남남서쪽 24km 지역
5/21/81 18:09,3,38.70 N,126.1 E,북한 황해북도 사리원 북동쪽 37km 지역
6/10/81 12:59,3,39.50 N,125.8 E,북한 평안남도 안주 남동쪽 17km 지역
6/14/81 20:57,2.8,37.80 N,125.7 E,북한 황해남도 해주 남쪽 27km 해역
8/27/81 21:35,3.5,35.80 N,129.8 E,경북 포항시 남구 동남동쪽 46km 해역
9/6/81 12:59,2.6,39.60 N,126.6 E,북한 함경남도 요덕 서남서쪽 22km 지역
9/23/81 8:13,3.5,36.90 N,126.3 E,충남 태안군 북쪽 17km 지역
9/25/81 3:18,3.4,39.70 N,125.5 E,북한 평안남도 안주 북서쪽 17km 지역
10/10/81 0:17,2.6,37.30 N,128.7 E,강원 정선군 남남동쪽 9km 지역
12/3/81 12:25,3,38.90 N,125.9 E,북한 평양 남동쪽 19km 지역
2/12/82 6:48,2.7,34.50 N,128.2 E,경남 통영시 남남서쪽 45km 해역
2/14/82 23:37,4.5,38.30 N,125.7 E,북한 황해북도 사리원 남남서쪽 24km 지역
2/24/82 23:27,2.6,36.10 N,127.5 E,충남 금산군 남동쪽 1km 지역
2/25/82 19:14,3.4,38.80 N,125.7 E,북한 황해북도 송림 북동쪽 9km 지역
3/1/82 0:28,4.7,37.20 N,129.8 E,경북 울진군 동북동쪽 42km 해역
3/28/82 1:04,3.6,37.60 N,125.3 E,인천 옹진군 연평도 서남서쪽 36km 해역
3/30/82 6:13,3,36.40 N,127.6 E,충북 옥천군 북북동쪽 11km 지역
5/27/82 19:21,3.5,38.60 N,125.8 E,북한 황해북도 사리원 북북동쪽 11km 지역
8/29/82 3:18,4,37.20 N,125.9 E,인천 옹진군 덕적도 서쪽 22km 해역
8/29/82 15:29,3.3,37.10 N,125.9 E,인천 옹진군 덕적도 서남서쪽 25km 해역
8/29/82 15:34,3.5,37.10 N,126.0 E,인천 옹진군 덕적도 남서쪽 18km 해역
8/31/82 20:49,3.2,37.10 N,126.0 E,인천 옹진군 덕적도 남서쪽 18km 해역
10/11/82 17:32,3.1,36.40 N,129.6 E,경북 영덕군 동쪽 21km 해역
1/11/83 1:15,3.4,38.70 N,125.6 E,북한 황해북도 송림 남서쪽 5km 지역
2/8/83 20:57,2.9,38.00 N,124.9 E,인천 백령도 동북동쪽 20km 해역
2/11/83 4:53,2.6,38.60 N,126.5 E,북한 황해북도 신계 북북서쪽 12km 지역
2/21/83 18:11,2.8,-,-,서울 북방 약 110km 지역
2/28/83 16:36,2.6,37.70 N,126.1 E,인천 강화군 서쪽 35km 해역
3/7/83 12:53,2.9,-,-,서울 북방 약 125km 지역
4/30/83 14:06,2.5,-,-,서울 북방 약 160km 지역
5/9/83 18:59,3.2,38.90 N,126.3 E,북한 평안남도 성천 남남동쪽 39km 지역
6/8/83 21:25,3.4,36.80 N,127.8 E,충북 괴산군 남동쪽 2km 지역
6/21/83 0:52,3,36.80 N,127.5 E,충북 진천군 남동쪽 8km 지역
7/27/83 0:25,3.1,-,-,서울 북방 약 150km 지역
8/9/83 13:00,2.8,39.50 N,125.9 E,북한 평안남도 개천 남쪽 22km 지역
8/21/83 5:13,3.5,36.40 N,126.0 E,전북 군산시 어청도 북쪽 31km 해역
9/17/83 12:17,4.2,38.30 N,126.1 E,북한 황해북도 평산 서쪽 26km 지역
9/27/83 13:07,2.9,38.90 N,124.9 E,북한 남포 서북서쪽 50km 해역
10/8/83 13:58,3.3,39.60 N,126.1 E,북한 평안남도 개천 동남동쪽 20km 지역
10/11/83 13:47,3.5,38.80 N,125.7 E,북한 황해북도 송림 북동쪽 9km 지역
12/8/83 3:04,2.5,36.90 N,125.6 E,충남 태안군 서격렬비열도 북쪽 34km 해역
12/21/83 20:10,2.3,38.20 N,126.1 E,북한 황해북도 평산 서남서쪽 29km 지역
12/23/83 22:40,3,36.50 N,128.1 E,경북 상주시 북북서쪽 12km 지역
1/13/84 17:06,3,37.40 N,129.5 E,강원 삼척시 동쪽 30km 해역
1/28/84 13:30,2.9,37.10 N,124.6 E,인천 백령도 남쪽 95km 해역
1/30/84 13:21,2.4,39.60 N,126.2 E,북한 평안남도 덕천 남남서쪽 19km 지역
2/13/84 11:31,3.2,37.00 N,125.5 E,충남 태안군 서격렬비열도 북쪽 45km 해역
3/17/84 13:00,3,39.50 N,126.1 E,북한 평안남도 개천 남동쪽 28km 지역
3/21/84 0:15,3.2,36.80 N,126.6 E,충남 서산시 동쪽 13km 지역
3/30/84 13:30,2.6,39.10 N,125.9 E,북한 평안남도 평성 남남동쪽 16km 지역
4/10/84 1:56,2.2,36.10 N,128.2 E,경북 김천시 동남동쪽 10km 지역
4/30/84 11:59,3.1,39.30 N,125.7 E,북한 평안남도 평성 서북서쪽 15km 지역
5/4/84 22:04,2.5,35.10 N,126.6 E,전남 함평군 동북동쪽 8km 지역
5/4/84 22:05,2.6,35.10 N,126.7 E,전남 나주시 북쪽 10km 지역
5/11/84 15:00,3.2,38.60 N,125.1 E,북한 남포 서남서쪽 35km 지역
5/14/84 11:39,2.6,35.20 N,126.7 E,광주 광산구 북서쪽 11km 지역
6/25/84 23:53,2.2,37.00 N,126.8 E,경기 평택시 서쪽 28km 지역
7/19/84 13:57,3.9,36.00 N,125.2 E,전북 군산시 어청도 서남서쪽 70km 해역
8/5/84 7:35,2.8,37.20 N,125.0 E,인천 옹진군 연평도 남서쪽 81km 해역
10/10/84 16:30,2.9,38.90 N,125.9 E,북한 평양 남동쪽 19km 지역
11/9/84 21:29,2.4,35.80 N,128.5 E,대구 달성군 서남서쪽 6km 지역
11/16/84 8:50,2.6,39.90 N,125.9 E,북한 평안북도 영변 북동쪽 13km 지역
1/14/85 12:44,4.2,34.60 N,129.9 E,부산 해운대구 남동쪽 91km 해역
1/15/85 9:59,3.4,34.70 N,130.0 E,부산 해운대구 남동쪽 92km 해역
1/22/85 22:50,2.1,-,-,서울 북방 약 85km 지역
3/22/85 16:01,2.7,38.40 N,125.1 E,북한 황해남도 장연 북쪽 17km 지역
4/4/85 12:27,2,-,-,경기만 해역
4/8/85 12:47,2.2,-,-,서울 북방 약 117km 지역
4/12/85 21:11,2.2,-,-,서울 북방 약 220km 지역
4/20/85 21:36,3.4,41.60 N,127.0 E,북한 자강도 중강 남남동쪽 22km 지역
5/13/85 18:26,2.9,36.60 N,128.6 E,경북 안동시 서북서쪽 12km 지역
5/22/85 17:27,2.9,38.10 N,125.6 E,북한 황해남도 해주 북서쪽 12km 지역
5/27/85 6:23,2.4,38.30 N,125.9 E,북한 황해북도 사리원 남남동쪽 26km 지역
6/7/85 12:59,3.1,39.40 N,125.9 E,북한 함경남도 북청 남남동쪽 106km 해역
6/18/85 13:43,2.8,38.50 N,125.8 E,북한 황해북도 사리원 동쪽 3km 지역
6/20/85 5:03,3.3,35.90 N,128.6 E,대구 북구 북동쪽 2km 지역
6/25/85 6:40,4,37.30 N,126.4 E,인천 옹진군 남서쪽 27km 해역
6/25/85 7:29,2.8,37.30 N,126.4 E,인천 옹진군 남서쪽 27km 해역
6/25/85 11:13,3.8,36.90 N,129.7 E,경북 울진군 동남동쪽 28km 해역
6/26/85 17:19,2.6,37.30 N,126.4 E,인천 옹진군 남서쪽 27km 해역
7/18/85 19:14,2.4,38.50 N,125.8 E,북한 황해북도 사리원 동쪽 3km 지역
8/5/85 19:24,2.8,39.40 N,125.9 E,북한 평안남도 평성 북쪽 18km 지역
8/8/85 16:47,3.1,38.40 N,125.1 E,북한 황해남도 장연 북쪽 17km 지역
11/2/85 2:56,2.9,36.70 N,128.9 E,경북 안동시 북동쪽 21km 지역
11/10/85 17:23,3.1,39.80 N,125.8 E,북한 평안북도 영변 남쪽 1km 지역
12/10/85 21:42,3.2,35.80 N,129.7 E,경북 포항시 남구 남동쪽 38km 해역
12/22/85 12:09,3,39.30 N,125.8 E,북한 평안남도 평성 북서쪽 8km 지역
12/24/85 15:31,2.3,-,-,서울 북방 약 176km 지역
1/19/86 11:20,3,33.50 N,126.4 E,제주 제주시 서쪽 12km 해역
2/3/86 16:38,2.8,35.70 N,126.9 E,전북 정읍시 북북동쪽 15km 지역
2/9/86 7:04,3.3,35.90 N,125.8 E,전북 군산시 어청도 남남서쪽 29km 해역
3/4/86 5:29,2.7,39.40 N,125.7 E,북한 평안남도 평성 북서쪽 23km 지역
3/17/86 11:52,3.2,35.90 N,129.5 E,경북 포항시 남구 남동쪽 17km 지역
3/20/86 16:46,3.6,34.20 N,125.1 E,전남 신안군 가거도 북쪽 17km 해역
3/24/86 10:58,2.6,38.80 N,125.9 E,북한 황해북도 송림 동북동쪽 24km 지역
4/26/86 4:24,3.5,36.60 N,125.5 E,충남 태안군 서격렬비열도 서쪽 3km 해역
4/27/86 9:03,3.3,36.50 N,125.6 E,충남 태안군 서격렬비열도 남남동쪽 13km 해역
5/2/86 12:44,3.4,36.60 N,125.8 E,충남 태안군 서격렬비열도 동쪽 24km 해역
5/2/86 17:26,3,36.70 N,125.7 E,충남 태안군 서격렬비열도 북동쪽 19km 해역
5/10/86 14:02,3.1,-,-,서울 북방 약 170km 지역
5/11/86 4:03,3.1,36.60 N,125.9 E,충남 태안군 서격렬비열도 동쪽 33km 해역
7/11/86 16:43,3.2,34.30 N,126.9 E,전남 완도군 동쪽 13km 해역
8/11/86 9:52,3.5,37.10 N,126.0 E,인천 옹진군 덕적도 남서쪽 18km 해역
3/6/87 7:10,4,38.70 N,125.5 E,북한 남포 남동쪽 8km 지역
6/13/87 11:32,2.8,35.30 N,126.1 E,전남 영광군 서쪽 38km 해역
9/25/87 0:44,2.2,37.80 N,129.1 E,강원 강릉시 동북동쪽 19km 해역
10/6/87 7:04,3.1,35.90 N,129.9 E,경북 포항시 남구 동남동쪽 50km 해역
10/6/87 23:36,3.5,36.20 N,130.1 E,경북 포항시 북구 동북동쪽 68km 해역
10/25/87 13:23,3.7,37.50 N,130.1 E,경북 울릉군 울릉도 서쪽 71km 해역
12/1/87 10:04,2.5,-,-,서울 북방 약 190km 지역
12/26/87 12:37,2,-,-,서울 북방 약 120km 지역
12/27/87 16:03,2.5,-,-,서울 북방 약 190km 지역
12/27/87 17:37,2.3,-,-,서울 북방 약 140km 지역
12/29/87 16:16,2.4,-,-,서울 북방 약 120km 지역
1/24/88 6:46,2.9,36.20 N,129.2 E,경북 포항시 북구 북서쪽 23km 지역
4/15/88 15:44,3.7,40.40 N,127.0 E,북한 함경남도 장진 서쪽 20km 지역
5/3/88 14:59,3.4,38.30 N,126.3 E,북한 황해북도 평산 서남서쪽 9km 지역
8/22/88 14:14,3,-,-,서울 북방 약 102km 지역
10/15/88 17:26,3.4,38.40 N,126.2 E,북한 황해북도 평산 서북서쪽 18km 지역
12/2/88 23:54,2.5,36.30 N,127.9 E,경북 상주시 서남서쪽 26km 지역
1/5/89 15:13,3.2,38.50 N,126.1 E,북한 황해북도 사리원 동쪽 30km 지역
3/3/89 15:15,3.4,38.10 N,124.9 E,북한 황해남도 장연군 남서쪽 24km 지역
3/11/89 10:59,3.3,-,-,서울 북방 약 135km 지역
3/13/89 14:33,3.3,-,-,서울 북방 약 110km 지역
3/13/89 16:03,3.4,38.20 N,125.5 E,북한 황해남도 해주 북서쪽 26km 지역
3/21/89 4:44,2.9,-,-,서울 북방 약 155km 지역
3/29/89 15:00,3.1,37.90 N,125.9 E,북한 황해남도 해주 남동쪽 23km 지역
4/8/89 10:01,3.1,-,-,서울 북방 약 95km 지역
4/17/89 15:04,3.2,-,-,서울 북방 약 110km 지역
4/30/89 15:27,3.4,36.30 N,127.3 E,대전 유성구 남서쪽 8km 지역
5/22/89 14:59,3.2,37.80 N,125.8 E,북한 인천 옹진군 연평도 북북동쪽 17km 해역
5/25/89 14:58,3.1,38.60 N,126.3 E,북한 황해북도 신계 서북서쪽 23km 지역
6/20/89 15:28,3.2,38.10 N,126.2 E,북한 황해북도 평산 남남서쪽 31km 지역
6/23/89 0:26,3.5,36.70 N,127.8 E,충북 괴산군 남쪽 12km 지역
12/11/89 15:18,2.8,38.00 N,125.9 E,북한 황해남도 해주 동남동쪽 17km 지역
12/29/89 14:59,2.8,38.20 N,126.2 E,북한 황해북도 평산군 22km 지역
1/9/90 13:53,2.9,36.60 N,125.6 E,충남 태안군 서격렬비열도 동쪽 6km 해역
1/10/90 17:08,2.5,36.30 N,127.4 E,대전 중구 남서쪽 4km 지역
1/28/90 15:01,2.7,38.30 N,126.2 E,북한 황해북도 평산 서남서쪽 17km 지역
2/18/90 21:29,3.3,38.20 N,123.9 E,북한 인천 백령도 서북서쪽 74km 해역
2/22/90 15:14,2.8,38.30 N,126.4 E,북한 황해북도 평산 남쪽 4km 지역
2/28/90 13:53,2.5,38.00 N,126.2 E,북한 개성 서쪽 32km 지역
2/28/90 15:01,3.1,38.30 N,126.3 E,북한 황해북도 평산 서남서쪽 9km 지역
3/4/90 14:51,2.6,38.70 N,125.8 E,북한 황해북도 송림 동남동쪽 15km 지역
3/10/90 16:59,2.7,38.20 N,126.3 E,북한 황해북도 평산 남남서쪽 17km 지역
3/11/90 15:30,2.6,38.10 N,126.3 E,북한 황해북도 평산 남남서쪽 27km 지역
6/2/90 1:46,2.4,36.40 N,127.8 E,충북 보은군 남남동쪽 11km지역
6/14/90 3:37,2.3,37.50 N,127.1 E,서울 송파구 남서쪽 2km 지역
6/19/90 13:28,2.6,37.80 N,123.7 E,인천 백령도 서남서쪽 88km 해역
6/30/90 10:45,2.5,36.50 N,126.7 E,충남 홍성군 남남동쪽 11km 지역
10/22/90 18:09,3.4,35.90 N,130.0 E,경북 포항시 남구 동남동쪽 59km 해역
1/3/91 8:27,2.7,36.40 N,128.8 E,경북 의성군 동북동쪽 11km 지역
1/3/91 14:39,3.4,37.60 N,124.7 E,인천 백령도 남쪽 39km 해역
1/25/91 3:57,2.8,37.30 N,129.8 E,경북 울진군 북동쪽 약 50km 해역
2/2/91 11:08,3.4,33.40 N,123.8 E,전남 신안군 흑산면 남서쪽 207km 해역
3/28/91 3:31,2.7,37.00 N,126.4 E,충남 서산시 북쪽 25km 지역
4/14/91 1:48,3.1,36.50 N,128.7 E,경북 안동시 남남서쪽 8km 지역
4/27/91 20:01,3,36.10 N,127.2 E,충남 논산시 남동쪽 13km 지역
5/13/91 1:25,2.2,35.90 N,128.5 E,경북 칠곡군 남동쪽 13km 지역
5/13/91 10:58,2,35.30 N,126.7 E,전남 장성군 서쪽 8km 지역
5/14/91 15:57,2.4,-,-,서울 북방 약 175km 지역
5/23/91 7:16,2.6,36.50 N,127.9 E,경북 상주시 서북서쪽 25km 지역
6/7/91 15:25,2.7,35.80 N,128.8 E,경북 경산시 동남동쪽 6km 지역
6/18/91 16:07,2.6,39.10 N,126.1 E,북한 평안남도 성천 남남서쪽 19km 지역
7/20/91 12:25,3.1,35.30 N,127.9 E,경남 산청군 남쪽 13km 지역
7/23/91 23:08,3.1,35.60 N,128.0 E,경남 합천군 서북서쪽 16km 지역
8/10/91 8:26,2.7,36.50 N,129.7 E,경북 영덕군 동북동쪽 31km 해역
10/11/91 7:20,3.2,36.80 N,129.3 E,경북 울진군 남남서쪽 23km 지역
10/16/91 4:59,2.8,35.60 N,129.6 E,울산 동구 동북동쪽 20km 해역
10/30/91 0:57,2.2,38.50 N,127.2 E,북한 강원 평강 북서쪽 13km 지역
1/15/92 21:26,2,36.00 N,127.3 E,전북 완주군 북동쪽 22km 지역
1/21/92 3:36,4,35.40 N,129.9 E,울산 동구 동남동쪽 45km 해역
4/9/92 5:32,2.9,36.20 N,127.2 E,충남 논산시 동북동쪽 9km 지역
5/4/92 17:06,2.6,35.80 N,128.4 E,경북 고령군 북동쪽 15km 지역
7/17/92 8:16,2.5,37.10 N,126.1 E,충남 태안군 북북서쪽 44km 해역
7/19/92 17:01,3.1,39.10 N,127.1 E,북한 강원 원산 서남서쪽 29km 지역
9/5/92 0:22,2.7,37.00 N,126.8 E,경기 평택시 서쪽 28km 지역
10/20/92 10:34,2.6,36.00 N,128.2 E,경북 성주군 북서쪽 12km 지역
11/4/92 2:30,4.4,34.70 N,122.8 E,전남 신안군 흑산면 서쪽 244km 해역
11/11/92 9:32,3.4,35.80 N,123.7 E,충남 태안군 서격렬비열도 서남서쪽 187km 해역
11/12/92 8:02,3.8,38.50 N,125.4 E,북한 황해남도 안악 서쪽 8km 지역
11/13/92 2:47,3.4,38.40 N,125.3 E,북한 황해남도 안악 남서쪽 21km 지역
11/25/92 18:45,2.6,37.70 N,126.4 E,인천 강화군 서남서쪽 9km 지역
12/13/92 20:22,4,35.30 N,130.1 E,울산 동구 동남동쪽 66km 해역
12/16/92 10:28,2.1,38.10 N,128.3 E,강원 인제군 동북동쪽 12km 지역
1/31/93 15:31,3.1,41.10 N,125.7 E,북한 자강도 초산 북북서쪽 32km 지역
2/8/93 10:04,2.1,38.70 N,127.8 E,북한 강원 회양 동쪽 17km 지역
2/25/93 10:15,2.9,35.60 N,126.4 E,전북 고창군 북서쪽 33km 해역
3/1/93 11:59,3.3,35.60 N,126.9 E,전북 정읍시 북동쪽 5km 지역
3/1/93 12:00,3.9,35.60 N,126.8 E,전북 정읍시 북서쪽 6km 지역
3/11/93 6:55,2.8,37.50 N,124.8 E,인천 백령도 남남동쪽 51km 해역
3/17/93 0:36,2.6,36.60 N,129.9 E,경북 영덕군 동북동쪽 52km 해역
3/18/93 0:36,2.8,36.40 N,130.0 E,경북 영덕군 동쪽 57km 해역
3/28/93 10:16,4.5,33.10 N,123.8 E,전남 신안군 흑산면 남서쪽 231km 해역
4/2/93 1:20,2.2,35.20 N,128.3 E,경남 진주시 동쪽 20km 지역
4/8/93 12:01,2.9,34.90 N,130.6 E,울산 동구 동남동쪽 126km 해역
4/9/93 2:28,2.2,36.60 N,126.9 E,충남 예산군 남동쪽 11km 지역
4/16/93 18:32,2.2,36.50 N,128.3 E,경북 예천군 남서쪽 22km 지역
5/2/93 17:57,2.9,37.30 N,130.5 E,경북 울릉군 울릉도 서남서쪽 41km 해역
6/8/93 17:42,2.2,38.70 N,126.7 E,북한 황해북도 신계 북북동쪽 27km 지역
6/12/93 16:03,2.7,37.50 N,125.5 E,인천 옹진군 연평도 남서쪽 26km 해역
7/8/93 11:10,3.6,35.20 N,128.4 E,경남 창원시 서쪽 26km 지역
7/14/93 11:48,2.6,38.80 N,125.7 E,북한 황해북도 송림 북동쪽 9km 지역
7/20/93 4:52,2,37.10 N,129.2 E,강원 삼척시 남쪽 39km 지역
8/26/93 0:07,2.9,35.70 N,127.9 E,경남 거창군 북북서쪽 2km 지역
12/8/93 11:43,3.4,39.60 N,125.9 E,북한 평안남도 개천 남쪽 11km 지역
12/24/93 8:13,3.1,35.90 N,129.1 E,경북 경주시 북서쪽 12km 지역
12/30/93 9:58,2.6,38.50 N,127.6 E,북한 강원 회양 남쪽 23km 지역
1/11/94 8:09,3,36.30 N,123.9 E,충남 태안군 서격렬비열도 서남서쪽 150km 해역
1/24/94 15:47,2.3,38.40 N,126.4 E,북한 황해북도 평산 북쪽 8km 지역
2/2/94 14:12,2,35.90 N,128.3 E,경북 성주군 남동쪽 2km 지역
2/12/94 11:58,3.5,36.40 N,127.3 E,대전 유성구 북서쪽 7km 지역
2/24/94 6:40,2.2,37.40 N,129.4 E,강원 삼척시 동남동쪽 21km 해역
2/26/94 4:52,2.5,35.60 N,127.9 E,경남 거창군 남쪽 9km 지역
3/3/94 19:39,2.7,34.40 N,127.9 E,전남 여수시 남남동쪽 43km 해역
3/4/94 0:33,2.7,35.90 N,129.6 E,경북 포항시 남구 동남동쪽 24km 해역
3/25/94 6:03,2.3,36.30 N,128.2 E,경북 상주시 남남동쪽 13km 지역
4/12/94 16:04,3.1,38.50 N,125.5 E,북한 황해남도 안악 남남동쪽 1km 지역
4/22/94 2:05,4.6,34.90 N,131.0 E,경남 울산 남동쪽 약 175km 해역
4/23/94 12:41,4.5,35.10 N,131.1 E,경남 울산 남동쪽 약 175km 해역
4/23/94 13:03,4.1,35.70 N,130.9 E,울산 동구 동쪽 136km 해역
7/26/94 2:41,4.9,34.90 N,124.1 E,전남 신안군 흑산면 서북서쪽 128km 해역
8/24/94 15:18,2.1,38.50 N,127.5 E,북한 평강 동북동쪽 21km 지역
8/31/94 0:07,2.8,37.40 N,124.8 E,인천 백령도 남쪽 62km 해역
9/21/94 3:35,3.2,36.40 N,128.9 E,경북 안동시 남동쪽 24km 지역
10/14/94 21:51,3.5,38.80 N,125.6 E,북한 황해북도 송림 북북서쪽 8km 지역
11/1/94 9:11,3.4,38.90 N,125.8 E,북한 평양 남남동쪽 14km 지역
12/2/94 0:42,3.6,37.90 N,123.8 E,인천 백령도 서쪽 77km 해역
12/15/94 10:41,2.8,36.10 N,125.4 E,전북 군산시 어청도 서쪽 51km 해역
12/18/94 3:23,2,36.40 N,128.1 E,경북 상주시 서쪽 5km 지역
12/19/94 17:25,2,34.90 N,126.7 E,전남 영암군 북쪽 11km 지역
12/25/94 2:41,2.4,35.30 N,126.0 E,전남 영광군 서쪽 47km 해역
12/26/94 23:09,2.3,34.80 N,128.1 E,경남 남해군 동남동쪽 19km 해역
1/14/95 6:43,3,37.90 N,124.5 E,인천 백령도 서남서쪽 17km 해역
1/21/95 7:39,3.3,34.20 N,125.0 E,전남 신안군 가거도 북서쪽 20km 해역
1/29/95 17:02,2.4,38.90 N,126.0 E,북한 평양 동남동쪽 26km 지역
2/2/95 15:56,2.5,38.90 N,126.0 E,북한 평양 동남동쪽 26km 지역
2/5/95 12:59,2.6,39.60 N,126.0 E,북한 평안남도 개천 남동쪽 14km 지역
3/11/95 9:30,3,38.70 N,125.6 E,북한 황해북도 송림 남서쪽 5km 지역
3/20/95 1:01,2.5,35.70 N,131.1 E,울산 동구 동쪽 154km 해역
4/28/95 15:38,2.5,34.70 N,128.9 E,경남 통영시 매물도 동쪽 30km 해역
4/30/95 19:40,2.5,35.80 N,128.7 E,대구 수성구 남동쪽 9km 지역
5/10/95 8:46,3.4,39.30 N,126.0 E,북한 평안남도 평성 동북동쪽 14km 지역
5/17/95 1:43,2.9,37.60 N,124.3 E,인천 백령도 남서쪽 51km 해역
6/5/95 18:21,2.5,38.70 N,126.4 E,북한 황해북도 신계 북북서쪽 25km 지역
6/19/95 18:09,3,36.40 N,128.2 E,경북 상주시 동남동쪽 4km 지역
6/24/95 19:47,2.6,36.80 N,129.5 E,경북 울진군 남남동쪽 23km 해역
6/24/95 21:49,2.2,37.00 N,129.3 E,경북 울진군 서쪽 9km 지역
7/24/95 19:02,4.2,38.20 N,124.4 E,북한 인천 백령도 북서족 37km 해역
8/4/95 10:15,2.8,36.30 N,123.7 E,충남 태안군 서격렬비열도 서남서쪽 167km 해역
8/9/95 15:42,2.9,37.90 N,124.6 E,인천 백령도 남서쪽 9km 해역
8/12/95 3:17,3.6,38.00 N,124.6 E,인천 백령도 북서쪽 9km 해역
8/24/95 3:08,2.8,36.20 N,123.7 E,충남 태안군 서격렬비열도 서남서쪽 170km 해역
9/3/95 22:38,2.4,33.50 N,126.9 E,제주 제주시 동쪽 34km 지역
9/17/95 0:13,2.4,36.30 N,126.8 E,충남 부여군 서북서쪽 11km 지역
10/3/95 14:05,2.9,36.90 N,129.2 E,경북 울진군 서남서쪽 21km 지역
10/6/95 21:07,3.7,37.50 N,129.8 E,강원 삼척시 동쪽 56km 해역
10/8/95 8:33,3.5,35.60 N,129.7 E,울산 동구 동북동쪽 28km 해역
11/10/95 14:03,3,38.90 N,125.8 E,북한 평양 남남동쪽 14km 지역
12/21/95 8:25,2.6,36.60 N,128.1 E,경북 상주시 북북서쪽 22km 지역
12/22/95 5:24,2.5,34.60 N,127.5 E,전남 고흥군 동쪽 20km 지역
12/24/95 3:47,3,35.30 N,124.6 E,전남 신안군 흑산면 북서쪽 107km 해역
1/24/96 5:09,4.2,37.90 N,129.6 E,강원 동해시 북동쪽 60km 해역
2/9/96 8:51,3.1,39.20 N,126.4 E,북한 평안남도 성천 동남동쪽 17km 지역
2/27/96 4:39,2.6,35.90 N,129.6 E,경북 포항시 남구 동남동쪽 24km 해역
3/2/96 21:42,2.2,36.40 N,127.8 E,충북 보은군 남남동쪽 11km 지역
3/20/96 4:54,2.5,36.60 N,128.1 E,경북 상주시 북북서쪽 22km 지역
4/14/96 2:20,2.3,35.80 N,127.9 E,경남 거창군 북쪽 13km 지역
4/14/96 5:22,3.1,35.90 N,127.9 E,경북 김천시 남서쪽 32km 지역
4/19/96 2:39,2.8,36.30 N,127.0 E,충남 공주시 남서쪽 19km 지역
5/6/96 21:02,2.1,35.90 N,127.7 E,전북 무주군 남남동쪽 12km 지역
5/7/96 0:13,2.9,34.70 N,127.3 E,전남 고흥군 북쪽 10km 해역
5/13/96 0:49,3,35.80 N,130.2 E,울산 동구 동북동쪽 78km 해역
5/14/96 13:36,2.1,36.50 N,127.5 E,충북 청원군 남쪽 15km 지역
5/16/96 11:05,2.8,35.30 N,129.1 E,부산 금정구 북쪽 7km 지역
5/21/96 17:15,3.1,38.80 N,125.6 E,북한 황해북도 송림 북북서쪽 8km 지역
5/26/96 8:34,2.5,33.50 N,126.0 E,제주 제주시 서쪽 49km 해역
5/26/96 19:58,3.5,36.40 N,125.5 E,충남 태안군 서격렬비열도 남쪽 22km 해역
6/4/96 1:14,2.6,39.30 N,126.3 E,북한 평안남도 성천 북동쪽 10km 지역
6/4/96 18:33,2.4,36.80 N,129.1 E,경북 영양군 북쪽 15km 지역
6/15/96 6:05,2.8,38.90 N,125.9 E,북한 평양 남동쪽 19km 지역
6/18/96 16:33,2.7,39.50 N,126.3 E,북한 평안남도 덕천 남쪽 28km 지역
6/21/96 1:04,2.8,36.10 N,126.9 E,전북 익산시 북북서쪽 18km 지역
6/27/96 21:35,2.1,38.20 N,126.3 E,북한 황해북도 평산 남남서쪽 17km 지역
7/15/96 4:58,2.8,36.90 N,126.5 E,충남 당진군 서쪽 12km 지역
7/27/96 1:22,3,34.20 N,123.3 E,전남 신안군 흑산면 서남서쪽 205km 해역
8/3/96 0:06,2.7,37.40 N,129.5 E,강원 삼척시 동쪽 30km 해역
8/14/96 18:10,3,36.70 N,128.0 E,경북 문경시 북서쪽 21km 지역
9/14/96 22:38,3.6,39.00 N,126.0 E,북한 평양 동쪽 22km 지역
9/27/96 19:32,2.4,35.60 N,129.9 E,울산 동구 동북동쪽 45km 해역
10/16/96 4:45,3.3,36.10 N,128.3 E,경북 구미시 서남서쪽 5km 지역
11/10/96 21:33,3.5,36.70 N,125.4 E,충남 태안군 서격렬비열도 북서쪽 16km 해역
11/17/96 8:49,3.6,39.00 N,127.6 E,북한 강원 원산 남동쪽 23km 지역
11/22/96 10:09,2.9,32.80 N,127.2 E,제주 서귀포시 남동쪽 81km 해역
11/25/96 0:27,2.3,35.60 N,129.3 E,울산 북구 서북서쪽 6km 지역
12/13/96 13:10,4.5,37.20 N,128.8 E,강원 정선군 남남동쪽 23km 지역
12/13/96 13:27,3,37.30 N,128.8 E,강원 정선군 남동쪽 15km 지역
12/14/96 15:17,2.7,37.30 N,128.8 E,강원 정선군 남동쪽 15km 지역
12/15/96 16:20,2.5,37.20 N,128.8 E,강원 정선군 남남동쪽 23km 지역
12/18/96 17:23,2.7,37.30 N,128.6 E,강원 정선군 남남서쪽 10km 지역
12/21/96 7:45,2.8,37.30 N,128.6 E,강원 정선군 남남서쪽 10km 지역
1/3/97 20:34,2.9,35.00 N,125.2 E,전남 신안군 흑산면 북북서쪽 46km 해역
1/15/97 5:34,3.2,38.30 N,128.7 E,강원 속초시 북동쪽 14km 해역
3/9/97 23:40,2.8,39.00 N,127.3 E,북한 강원 원산 남남서쪽 21km 지역
4/23/97 1:39,2.5,36.20 N,126.0 E,전북 군산시 어청도 북북동쪽 9km 해역
5/9/97 21:40,3.2,35.20 N,126.0 E,전남 영광군 서쪽 47km 해역
5/9/97 21:43,3,35.20 N,126.0 E,전남 영광군 서쪽 47km 해역
5/10/97 0:56,2.5,37.30 N,128.5 E,강원 평창군 남동쪽 12km 지역
5/22/97 7:47,3.5,36.00 N,126.8 E,전북 군산시 동북동쪽 8km 지역
6/15/97 8:45,2.8,37.40 N,126.2 E,인천 옹진군 덕적도 북북동쪽 21km 해역
6/15/97 12:46,2.7,37.40 N,126.2 E,인천 옹진군 덕적도 북북동쪽 21km 해역
6/16/97 22:51,2.7,35.30 N,129.1 E,부산 금정구 북쪽 7km 지역
6/26/97 3:50,4.2,35.80 N,129.3 E,경북 경주시 동남동쪽 9km 지역
6/30/97 23:48,2.8,36.10 N,127.7 E,충북 영동군 남서쪽 11km 지역
8/5/97 4:47,2.3,37.20 N,128.7 E,강원 정선군 남쪽 20km 지역
8/5/97 12:45,2.8,36.70 N,128.4 E,경북 예천군 북서쪽 7km 지역
9/26/97 8:35,2.5,37.90 N,129.7 E,강원 동해시 북동쪽 66km 해역
10/2/97 23:47,2.4,35.00 N,128.0 E,경남 사천시 남서쪽 13km 지역
10/11/97 19:50,3.2,35.90 N,128.7 E,대구 동구 동북동쪽 6km 지역
10/18/97 19:35,3,37.30 N,128.8 E,강원 정선군 남동쪽 15km 지역
11/9/97 18:16,2.5,37.80 N,126.8 E,경기 파주시 북북동쪽 5km 지역
11/10/97 18:26,3,37.80 N,125.4 E,북한 황해남도 옹진 남남동쪽 15km 지역
1/18/98 1:16,3.9,35.60 N,129.9 E,울산 동구 동북동쪽 45km 해역
2/10/98 21:11,4.1,37.80 N,123.6 E,인천 백령도 서쪽 96km 해역
2/12/98 3:36,2.9,38.40 N,128.5 E,강원 고성군 북동쪽 4km 해역
4/2/98 9:34,2.3,36.30 N,127.4 E,대전 중구 남서쪽 4km 지역
4/16/98 3:58,3.5,38.40 N,126.3 E,북한 황해북도 평산 북서쪽 11km 지역
4/30/98 21:57,2.3,36.60 N,128.4 E,경북 예천군 남서쪽 8km 지역
5/1/98 7:16,2.5,36.10 N,128.0 E,경북 김천시 서남서쪽 10km 지역
5/14/98 14:23,2.2,36.70 N,128.4 E,경북 예천군 북서쪽 7km 지역
5/20/98 0:34,2.3,35.50 N,126.2 E,전북 부안군 위도 남서쪽 14km 해역
5/25/98 11:19,2.4,37.60 N,129.7 E,강원 삼척시 동북동쪽 50km 해역
6/5/98 19:42,2.9,35.90 N,123.9 E,충남 태안군 서격렬비열도 서남서쪽 166km 해역
6/6/98 15:04,2.8,38.90 N,126.0 E,북한 평양 동남동쪽 26km 지역
6/7/98 17:39,2.8,34.40 N,129.0 E,경남 통영시 매물도 남동쪽 47km 해역
6/8/98 11:45,3.7,38.50 N,124.3 E,북한 인천 백령도 북북서쪽 69km 해역
6/8/98 19:55,2.8,36.00 N,125.2 E,전북 군산시 어청도 서남서쪽 70km 해역
6/13/98 18:24,2.4,36.70 N,130.0 E,경북 울진군 동남동쪽 62km 해역
6/13/98 23:29,2.4,36.70 N,130.1 E,경북 울진군 동남동쪽 70km 해역
6/19/98 6:19,2.3,36.70 N,128.4 E,경북 예천군 북서쪽 7km 지역
7/1/98 17:09,2,36.80 N,127.8 E,충북 괴산군 남동쪽 2km 지역
7/7/98 0:13,2.7,38.80 N,126.1 E,북한 평양 남동쪽 39km 지역
7/7/98 17:37,2.7,36.00 N,129.9 E,경북 포항시 북구 동쪽 48km 해역
8/4/98 21:43,2.9,35.50 N,128.8 E,경남 밀양시 동북동쪽 4km 지역
9/3/98 16:52,3.8,36.60 N,125.7 E,충남 태안군 서격렬비열도 북북동쪽 37km 해역
9/9/98 19:53,2.1,36.10 N,128.5 E,경북 칠곡군 북동쪽 15km 지역
9/12/98 23:08,2.3,35.90 N,129.3 E,경북 경주시 북동쪽 10km 지역
9/13/98 20:42,3.6,36.10 N,126.9 E,전북 익산시 북북서쪽 18km 지역
9/30/98 22:29,3.3,35.80 N,126.9 E,전북 김제시 동쪽 2km 지역
10/2/98 20:09,2.5,37.30 N,128.8 E,강원 정선군 남동쪽 15km 지역
10/14/98 3:50,2.5,35.80 N,128.3 E,경북 고령군 북북동쪽 9km 지역
10/22/98 17:34,2.8,36.60 N,125.5 E,충남 태안군 서격렬비열도 서쪽 3km 해역
11/30/98 8:57,2.8,37.20 N,128.7 E,강원 정선군 남쪽 20km 지역
12/9/98 6:42,2.7,37.50 N,129.1 E,강원 동해시 남남서쪽 3km 지역
1/11/99 13:07,4.2,38.30 N,128.7 E,강원 속초시 북동쪽 14km 해역
1/12/99 21:51,2.9,38.30 N,128.6 E,강원 속초시 북쪽 10km 해역
1/24/99 1:01,3.3,37.00 N,128.8 E,경북 봉화군 북북동쪽 13km 지역
1/24/99 2:43,2.9,37.40 N,130.3 E,경북 울릉군 울릉도 서쪽 54km 해역
2/3/99 3:21,2.9,38.50 N,127.8 E,북한 강원 회양 남동쪽 28km 지역
2/8/99 6:36,2.5,37.10 N,128.9 E,강원 태백시 남서쪽 10km 지역
2/24/99 2:14,3.5,37.30 N,126.0 E,인천 중구 서남서쪽 58km 해역
3/5/99 23:41,3.5,40.50 N,126.3 E,북한 자강도 회천 북쪽 37km 지역
3/14/99 20:31,3.2,37.50 N,130.4 E,경북 울릉군 울릉도 서쪽 44km 해역
3/15/99 16:11,2.7,37.50 N,130.4 E,경북 울릉군 울릉도 서쪽 44km 해역
3/15/99 22:08,2.4,37.50 N,130.4 E,경북 울릉군 울릉도 서쪽 44km 해역
3/28/99 12:39,3,37.50 N,130.2 E,경북 울릉군 울릉도 서쪽 62km 해역
4/4/99 11:29,3.1,36.40 N,124.0 E,충남 태안군 서격렬비열도 서쪽 139km 해역
4/7/99 23:43,3.3,37.20 N,128.9 E,강원 정선군 남동쪽 29km 지역
4/8/99 0:40,2.9,37.20 N,128.9 E,강원 정선군 남동쪽 29km 지역
4/8/99 1:09,2.6,37.20 N,128.9 E,강원 정선군 남동쪽 29km 지역
4/9/99 20:48,2.8,37.30 N,128.9 E,강원 삼척시 남서쪽 29km 지역
4/21/99 11:24,2.1,36.70 N,127.1 E,충남 천안시 남남서쪽 12km 지역
4/22/99 1:27,2,36.50 N,127.8 E,충북 보은군 동북동쪽 6km 지역
4/23/99 12:41,2.2,37.30 N,128.9 E,강원 삼척시 남서쪽 29km 지역
4/24/99 1:35,3.2,36.00 N,129.3 E,경북 포항시 남구 서쪽 6km 지역
4/25/99 18:35,2.8,35.80 N,127.1 E,전북 전주시 완산구 서남서쪽 2km 지역
5/4/99 3:09,2.5,37.30 N,129.4 E,강원 삼척시 남동쪽 26km 해역
5/9/99 8:11,3.1,37.70 N,130.5 E,경북 울릉군 울릉도 북서쪽 43km 해역
5/9/99 8:17,3.5,36.20 N,123.7 E,충남 태안군 서격렬비열도 서남서쪽 170km 해역
5/15/99 14:41,3.1,35.50 N,126.2 E,전남 영광군 북서쪽 38km 해역
6/2/99 18:12,3.4,35.90 N,129.3 E,경북 경주시 북동쪽 10km 지역
6/9/99 2:15,2.6,37.70 N,125.8 E,북한 인천 옹진군 연평도 동북동쪽 9km 해역
6/17/99 22:33,2.6,33.20 N,126.4 E,제주 서귀포시 서남서쪽 12km 해역
6/19/99 20:58,2.7,36.30 N,127.8 E,충북 옥천군 동쪽 20km 지역
7/17/99 15:22,2.9,36.20 N,127.0 E,충남 논산시 서북서쪽 9km 지역
9/11/99 3:17,3.4,36.10 N,123.7 E,충남 태안군 서격렬비열도 서남서쪽 173km 해역
9/12/99 5:56,3.2,35.90 N,129.3 E,경북 경주시 북동쪽 10km 지역
9/24/99 1:59,2.7,38.20 N,128.8 E,강원 속초시 동쪽 18km 해역
12/14/99 14:46,2.8,36.70 N,127.3 E,충남 천안시 남동쪽 18km 지역
12/20/99 13:28,2.5,36.00 N,128.4 E,경북 칠곡군 북북서쪽 1km 지역
12/27/99 12:29,3,36.80 N,128.2 E,경북 문경시 북쪽 24km 지역
1/18/00 15:08,3,38.70 N,127.9 E,북한 강원 회양 동쪽 26km 지역
2/21/00 1:06,2.1,35.80 N,128.2 E,경북 고령군 북서쪽 10km 지역
3/15/00 1:10,2.5,36.30 N,125.9 E,전북 군산시 어청도 북북서쪽 20km 해역
3/21/00 13:43,2.3,36.50 N,126.0 E,충남 태안군 남서쪽 38km 해역
4/12/00 4:44,3.5,36.90 N,125.3 E,충남 태안군 서격렬비열도 북북서쪽 39km 해역
4/15/00 8:05,2.3,36.60 N,128.3 E,경북 예천군 서남서쪽 15km 지역
4/29/00 8:53,3.3,35.80 N,125.7 E,전북 군산시 어청도 남남서쪽 43km 해역
5/9/00 6:55,2.3,35.20 N,128.1 E,경남 진주시 북동쪽 2km 지역
5/11/00 10:51,3.1,33.30 N,125.9 E,제주 서귀포시 서쪽 57km 해역
5/11/00 15:01,2.9,38.60 N,127.8 E,북한 강원 회양 남동쪽 21km 지역
5/11/00 16:00,2.9,38.60 N,127.8 E,북한 강원 회양 남동쪽 21km 지역
5/19/00 1:44,2.7,36.60 N,128.5 E,경북 안동시 서쪽 21km 지역
5/26/00 21:41,2.4,36.20 N,127.1 E,충남 논산시 북쪽 2km 지역
7/24/00 7:00,3,38.50 N,127.8 E,북한 강원 회양 남동쪽 28km 지역
8/5/00 21:02,2.7,35.10 N,124.9 E,전남 신안군 흑산면 북서쪽 72km 해역
8/6/00 19:35,2.2,36.30 N,128.4 E,경북 의성군 서남서쪽 27km 지역
8/15/00 1:36,2.2,35.30 N,125.9 E,전남 영광군 서쪽 56km 해역
8/21/00 19:43,3.4,38.90 N,125.9 E,북한 평양 남동쪽 19km 지역
9/13/00 20:38,2.4,35.70 N,127.1 E,전북 완주군 남남서쪽 17km 지역
9/23/00 10:07,2.4,35.60 N,128.4 E,경남 창녕군 북서쪽 11km 지역
10/3/00 0:01,2,36.70 N,127.2 E,충남 연기군 북서쪽 15km 지역
10/8/00 7:46,2.6,37.30 N,128.8 E,강원 정선군 남동쪽 15km 지역
10/23/00 11:35,2.6,37.70 N,125.7 E,북한 인천 옹진군 연평도 북쪽 4km 해역
10/28/00 7:10,2.7,37.10 N,126.7 E,경기 화성시 남서쪽 16km 해역
11/5/00 21:39,2.2,36.20 N,127.2 E,충남 논산시 동북동쪽 9km 지역
11/14/00 17:41,2.9,38.80 N,125.8 E,북한 황해북도 송림 동북동쪽 16km 지역
12/2/00 16:53,3.1,34.60 N,126.9 E,전남 장흥군 남쪽 9km 지역
12/9/00 18:51,3.7,36.50 N,130.0 E,경북 영덕군 동쪽 57km 해역
12/22/00 8:19,2.7,36.30 N,127.4 E,대전 중구 남서쪽 4km 지역
1/29/01 11:44,3,35.70 N,126.6 E,전북 부안군 서남서쪽 13km 지역
2/8/01 16:59,2.3,38.40 N,127.9 E,강원 양구군 북북서쪽 34km 지역(북한지역)
2/10/01 17:47,2,37.10 N,127.6 E,경기 이천시 남동쪽 24km 지역
2/14/01 1:02,2.2,36.00 N,128.2 E,경북 성주군 북서쪽 12km 지역
2/19/01 8:27,2,37.40 N,128.4 E,강원 평창군 북북동쪽 4km 지역
2/28/01 12:46,2.9,35.30 N,127.9 E,경남 산청군 남쪽 13km 지역
3/6/01 0:23,2.3,35.30 N,125.7 E,전북 부안군 위도 서남서쪽 63km 해역
3/7/01 8:27,2.5,35.10 N,127.8 E,경남 하동군 북동쪽 6km 지역
3/19/01 22:16,2.8,37.60 N,124.6 E,인천 백령도 남쪽 40km 해역
4/16/01 22:50,2.2,35.90 N,129.7 E,경북 포항시 남구 동남동쪽 33km 해역
4/17/01 2:42,2.5,35.40 N,126.1 E,전북 부안군 위도 남서쪽 29km 해역
4/21/01 2:30,2.1,35.90 N,125.3 E,전북 군산시 어청도 서남서쪽 65km 해역
5/5/01 11:21,3.3,37.80 N,124.5 E,인천 백령도 남서쪽 23km 해역
5/5/01 19:23,2,34.40 N,127.4 E,전남 고흥군 남남동쪽 25km 해역
5/16/01 1:09,2,36.00 N,126.7 E,충남 서천군 남쪽 9km 해역
5/25/01 0:06,2.6,33.60 N,126.8 E,제주 제주시 동북동쪽 27km 해역
5/27/01 15:25,2.6,34.10 N,127.6 E,전남 여수시 거문도 동북동쪽 28km 해역
5/27/01 20:24,2.5,35.80 N,129.7 E,경북 포항시 남구 남동쪽 38km 해역
5/28/01 7:25,2.1,36.40 N,127.8 E,충북 보은군 남남동쪽 11km 지역
6/9/01 0:36,2.3,36.70 N,128.8 E,경북 안동시 북북동쪽 16km 지역
6/13/01 13:53,2.9,34.80 N,127.3 E,전남 고흥군 북쪽 21km 지역
6/16/01 21:26,2.2,36.00 N,127.9 E,경북 김천시 남서쪽 23km 지역
6/17/01 1:04,2.3,35.70 N,126.4 E,전북 부안군 서쪽 30km 해역
6/29/01 11:21,3.6,35.80 N,126.6 E,전북 부안군 서북서쪽 15km 해역
7/15/01 20:01,2.3,36.70 N,127.0 E,충남 아산시 남쪽 약 10km 지역
7/23/01 17:29,3.5,36.40 N,128.0 E,경북 상주시 서쪽 14km 지역
7/26/01 19:55,2,36.20 N,127.4 E,충남 금산군 북서쪽 13km 지역
7/27/01 10:04,2.2,36.50 N,128.0 E,경북 상주시 북서쪽 18km 지역
8/6/01 23:46,2.3,36.70 N,128.3 E,경북 문경시 북동쪽 16km 지역
8/20/01 21:04,2.5,34.00 N,125.5 E,전남 신안군 흑산면 남쪽 72km 해역
8/24/01 11:12,3.1,35.90 N,128.2 E,경북 성주군 서남서쪽 8km 지역
9/7/01 8:42,2.8,34.80 N,127.4 E,전남 보성군 동쪽 29km 지역
9/13/01 6:07,2.2,36.40 N,127.0 E,충남 청양군 동남동쪽 18km 지역
9/15/01 2:32,2.2,35.60 N,125.9 E,전북 부안군 서쪽 약 70km 해역
9/19/01 8:47,2.6,36.60 N,126.9 E,충남 예산군 남동쪽 11km 지역
9/24/01 9:33,2.6,35.50 N,127.5 E,전북 남원시 북동쪽 14km 지역
10/1/01 3:35,2.6,36.00 N,127.7 E,전북 무주군 동쪽 3km 지역
10/28/01 22:27,2.1,37.10 N,129.0 E,강원 태백시 남쪽 7km 지역
11/9/01 13:54,2.6,34.70 N,126.9 E,전남 장흥군 북북서쪽 2km 지역
11/13/01 6:15,2,36.50 N,127.9 E,충북 보은군 동쪽 약 15km 지역
11/21/01 10:49,3.5,36.70 N,128.3 E,경북 문경시 북동쪽 16km 지역
11/24/01 16:10,4.1,36.70 N,129.9 E,경북 울진군 남동쪽 55km 해역
11/30/01 11:18,2.4,35.90 N,127.5 E,전북 진안군 북북동쪽 14km 지역
1/4/02 0:33,2.3,34.80 N,127.4 E,전남 보성군 동쪽 29km 지역
1/7/02 17:10,3.1,35.40 N,128.8 E,경남 밀양시 남남동쪽 약 10km 지역
1/8/02 8:18,2.8,35.80 N,128.2 E,경북 고령군 북서쪽 10km 지역
1/17/02 6:28,2.8,36.20 N,126.2 E,전북 군산시 어청도 동북동쪽 22km 해역
1/17/02 20:16,2.9,35.10 N,125.0 E,전남 신안군 흑산면 북서쪽 66km 해역
2/3/02 22:44,2.6,35.00 N,125.0 E,전남 신안군 흑산면 북서쪽 58km 해역
2/7/02 9:31,2.4,36.10 N,129.2 E,경북 포항시 북구 서북서쪽 17km 지역
2/28/02 22:26,2.1,36.70 N,128.1 E,경북 문경시 북북서쪽 15km 지역
3/7/02 23:30,3,36.50 N,126.6 E,충남 홍성군 남남서쪽 12km 지역
3/8/02 2:09,2.4,35.50 N,126.1 E,전북 부안군 위도 서남서쪽 21km 해역
3/12/02 20:04,2.4,34.90 N,127.4 E,전남 순천시 서남서쪽 10km 지역
3/17/02 9:26,3.9,38.10 N,124.3 E,북한 인천 백령도 서북서쪽 37km 해역
3/22/02 11:28,3.5,38.30 N,124.5 E,북한 인천 백령도 북북서쪽 42km 해역
3/25/02 5:31,2.4,37.40 N,129.2 E,강원 삼척시 남남동쪽 약 6km 지역
3/25/02 18:10,2.4,37.10 N,127.2 E,경기 용인시 처인구 남남서쪽 12km 지역
4/1/02 7:46,2.5,37.30 N,128.1 E,강원 원주시 동남동쪽 15km 지역
4/14/02 12:29,2.4,35.10 N,125.0 E,전남 신안군 흑산면 북서쪽 66km 해역
4/17/02 7:52,3.9,40.50 N,128.5 E,북한 함경남도 북청 북북동쪽 33km 지역
5/29/02 18:22,2.4,34.70 N,127.9 E,경남 남해군 남쪽 15km 해역
6/7/02 22:24,2.8,38.40 N,125.3 E,북한 황해남도 안악 남서쪽 21km 지역
6/23/02 11:12,2,34.70 N,126.6 E,전남 영암군 남서쪽 14km 지역
7/2/02 1:49,2.3,35.80 N,128.0 E,경남 거창군 북북동쪽 15km 지역
7/9/02 4:01,3.8,35.90 N,129.6 E,경북 포항시 남구 동남동쪽 24km 해역
7/12/02 8:17,2.1,35.90 N,129.8 E,경북 포항시 남구 동남동쪽 41km 해역
7/17/02 6:50,3.3,38.00 N,124.4 E,인천 백령도 서북서쪽 25km 해역
8/6/02 7:32,3,34.70 N,127.4 E,전남 고흥군 북동쪽 약 15km 지역
8/6/02 21:37,2.5,35.70 N,127.6 E,전북 장수군 북동쪽 9km 지역
8/10/02 21:47,4,35.10 N,123.4 E,전남 흑산도 서북서쪽 약 195km 해역
8/13/02 16:07,2.7,35.10 N,125.2 E,전남 신안군 흑산면 북북서쪽 56km 해역
9/15/02 16:40,2.5,35.90 N,129.7 E,경북 포항시 남구 동남동쪽 33km 해역
9/16/02 7:36,2.8,36.10 N,128.3 E,경북 구미시 서남서쪽 약 5km 지역
9/19/02 3:10,2.9,35.60 N,125.4 E,전남 신안군 흑산면 북쪽 106km 해역
10/4/02 2:06,2.4,38.10 N,126.4 E,북한 개성 북서쪽 20km 지역
10/16/02 19:48,2.4,36.60 N,127.6 E,충북 청원군 동남동쪽 11km 지역
10/19/02 21:31,2.7,36.20 N,127.6 E,충남 금산군 북동쪽 15km 지역
10/20/02 4:22,3,35.20 N,127.7 E,경남 하동군 북북서쪽 16km 지역
10/23/02 10:30,2.8,34.90 N,128.4 E,경남 통영시 북북서쪽 6km 지역
10/25/02 4:06,2.4,33.90 N,127.1 E,전남 여수시 거문도 남서쪽 24km 해역
10/28/02 11:50,2.8,35.10 N,126.6 E,전남 함평군 동북동쪽 8km 지역
11/6/02 21:48,2.5,36.40 N,127.7 E,충북 옥천군 북동쪽 16km 지역
11/13/02 21:46,2.4,35.80 N,127.9 E,경남 거창군 북쪽 13km 지역
12/5/02 10:05,2,36.70 N,126.3 E,충남 태안군 남쪽 5km 지역
12/5/02 11:01,2.1,36.70 N,126.2 E,충남 태안군 서남서쪽 10km 지역
12/7/02 16:43,2.7,37.40 N,129.4 E,강원 삼척시 동남동쪽 21km 해역
12/10/02 7:42,3.8,38.80 N,127.2 E,북한 강원 회양 서북서쪽 36km 지역
12/12/02 21:42,2.3,37.10 N,126.4 E,인천 옹진군 덕적도 동남동쪽 26km 해역
12/16/02 18:21,2.4,36.70 N,130.2 E,경북 울진군 동남동쪽 78km 해역
12/17/02 8:44,2.1,37.10 N,126.4 E,인천 옹진군 덕적도 동남동쪽 26km 해역
12/26/02 23:41,2.7,36.50 N,127.0 E,충남 공주시 서북서쪽 13km 지역
1/9/03 17:33,3.9,37.40 N,124.2 E,인천 백령도 남서쪽 74km 해역
1/10/03 0:56,2.7,35.90 N,129.2 E,경북 경주시 북쪽 7km 지역
1/13/03 22:03,2.8,35.80 N,129.4 E,경북 경주시 동남동쪽 17km 지역
1/16/03 14:02,2.2,33.60 N,127.3 E,제주 제주시 동쪽 72km 해역
2/8/03 23:46,2.9,35.30 N,126.6 E,전남 영광군 동북동쪽 8km 지역
2/9/03 22:28,2.3,36.00 N,127.9 E,경북 김천시 남서쪽 23km 지역
2/14/03 16:42,2.9,38.00 N,124.5 E,인천 백령도 서북서쪽 17km 해역
3/1/03 21:07,2.5,37.60 N,124.6 E,인천 백령도 남쪽 약 40km 해역
3/1/03 23:33,3,35.80 N,129.3 E,경북 경주시 동남동쪽 9km 지역
3/4/03 12:44,2.9,38.30 N,128.6 E,강원 속초시 북쪽 약 10km 해역
3/10/03 3:28,3.1,36.10 N,128.4 E,경북 구미시 동남동쪽 5km 지역
3/14/03 4:06,2.1,36.20 N,128.7 E,경북 군위군 동남동쪽 12km 지역
3/19/03 23:05,2.3,36.50 N,129.6 E,경북 영덕군 동북동쪽 23km 해역
3/23/03 5:38,4.9,35.00 N,124.6 E,전남 신안군 흑산면 서북서쪽 88km 해역
3/30/03 20:10,5,37.80 N,123.7 E,인천 백령도 서남서쪽 88km 해역
4/1/03 22:26,2.1,36.40 N,127.8 E,충북 보은군 남남동쪽 11km 지역
4/5/03 0:25,2.5,36.20 N,127.3 E,충남 논산시 동쪽 18km 지역
4/5/03 0:31,2.9,36.20 N,127.3 E,충남 논산시 동쪽 18km 지역
4/5/03 0:56,2.4,36.20 N,127.3 E,충남 논산시 동쪽 18km 지역
4/16/03 2:55,3.3,36.40 N,126.3 E,충남 보령시 서북서쪽 29km 해역
6/4/03 3:34,2.7,35.20 N,125.2 E,전남 신안군 흑산면 북북서쪽 66km 해역
6/8/03 2:07,2.6,36.50 N,125.1 E,충남 태안군 서격렬비열도 서남서쪽 40km 해역
6/9/03 10:14,4,36.00 N,123.6 E,충남 태안군 서격렬비열도 서남서쪽 186km 해역
6/29/03 11:53,2.1,35.70 N,124.8 E,전북 군산시 어청도 서남서쪽 115km 해역
7/5/03 12:18,3,37.40 N,125.3 E,인천 옹진군 연평도 남서쪽 46km 해역
7/9/03 15:20,2.7,34.90 N,128.2 E,경남 고성군 남서쪽 14km 지역
7/18/03 17:05,2.9,35.00 N,124.3 E,전남 신안군 흑산면 서북서쪽 114km 해역
7/28/03 6:12,2.7,35.10 N,124.7 E,전남 신안군 흑산면 북서쪽 86km 해역
8/7/03 11:04,2.7,36.80 N,129.5 E,경북 울진군 남남동쪽 23km 해역
8/12/03 1:25,2.6,34.70 N,130.3 E,부산 기장군 동남동쪽 115km 해역
9/19/03 20:48,2.9,37.50 N,124.5 E,인천 백령도 남남서쪽 53km 해역
9/24/03 3:26,2.3,35.80 N,128.5 E,대구 달성군 서남서쪽 6km 지역
9/25/03 15:24,2.5,36.00 N,129.6 E,경북 포항시 북구 동남동쪽 21km 해역
10/4/03 4:59,2.3,33.20 N,126.9 E,제주 서귀포시 동쪽 37km 해역
10/5/03 5:03,2.1,36.30 N,127.3 E,대전 유성구 남서쪽 8km 지역
10/13/03 18:12,3.6,37.00 N,126.5 E,충남 당진군 북서쪽 17km 지역
10/14/03 1:44,2.4,34.10 N,127.5 E,전남 고흥군 남남동쪽 60km 해역
10/17/03 11:55,2,35.80 N,129.4 E,경북 경주시 동남동쪽 17km 지역
1/5/04 6:11,2.9,36.20 N,127.0 E,충남 논산시 서북서쪽 9km 지역
1/6/04 1:49,3.2,38.70 N,125.1 E,북한 남포 서남서쪽 31km 해역
1/17/04 9:47,2.9,33.70 N,125.8 E,제주 제주시 서북서쪽 72km 해역
1/23/04 5:27,2,35.40 N,128.0 E,경남 산청군 동쪽 11km 지역
1/29/04 20:22,2.4,35.90 N,128.5 E,경북 칠곡군 남동쪽 13km 지역
2/6/04 7:30,2.4,38.60 N,126.1 E,북한 황해북도 사리원 동북동쪽 31km 지역
2/26/04 5:51,2.1,37.20 N,128.9 E,강원 정선군 남동쪽 29km 지역
3/7/04 20:58,2.9,35.80 N,125.4 E,전북 군산시 어청도 남서쪽 63km 해역
4/2/04 12:04,2.9,39.40 N,126.0 E,북한 평안남도 평성 북동쪽 21km 지역
4/15/04 23:25,2,34.90 N,124.6 E,전남 신안군 흑산면 서북서쪽 84km 해역
4/26/04 13:29,3.9,35.80 N,128.2 E,경북 고령군 북서쪽 10km 지역
4/29/04 17:31,2.9,37.40 N,123.8 E,인천 백령도 남서쪽 99km 해역
4/30/04 23:43,2.8,35.80 N,129.4 E,경북 경주시 동남동쪽 17km 지역
5/5/04 1:07,2.2,33.40 N,127.3 E,제주 제주시 동쪽 72km 해역
5/5/04 2:15,2.2,33.40 N,127.3 E,제주 제주시 동쪽 72km 해역
5/5/04 12:22,3.1,32.70 N,126.0 E,제주 서귀포시 남서쪽 78km 해역
5/6/04 23:10,2,37.50 N,129.9 E,강원 삼척시 동쪽 약 65km 해역
5/17/04 15:05,2.1,36.40 N,125.9 E,전북 군산시 어청도 북북서쪽 31km 해역
5/25/04 18:08,2.7,39.50 N,124.9 E,북한 평안북도 정주 남서쪽 34km 해역
5/29/04 19:14,5.2,36.80 N,130.2 E,경북 울진군 동남동쪽 74km 해역
5/30/04 4:45,2,36.60 N,130.0 E,경북 영덕군 동북동쪽 60km 해역
5/30/04 21:45,2.2,37.00 N,129.3 E,경북 울진군 서쪽 9km 지역
6/1/04 20:22,3.5,37.20 N,130.0 E,경북 울진군 동북동쪽 58km 해역
6/11/04 16:25,2.1,37.30 N,128.7 E,강원 정선군 남남동쪽 9km 지역
7/13/04 21:08,2.1,38.50 N,126.0 E,북한 황해북도 사리원 동쪽 21km 지역
7/14/04 13:44,2.6,33.40 N,127.2 E,제주 제주시 동쪽 63km 해역
7/14/04 20:37,2.1,36.40 N,127.3 E,대전 유성구 북서쪽 7km 지역
8/6/04 5:32,3.3,35.90 N,127.4 E,전북 진안군 북쪽 13km 지역
8/11/04 4:29,2.3,33.30 N,126.2 E,제주 제주시 남서쪽 38km 지역
8/13/04 22:42,2.7,37.60 N,126.5 E,인천 강화군 남쪽 16km 지역
9/15/04 7:47,2.5,37.50 N,126.9 E,서울 영등포구 남쪽 3km 지역
9/24/04 1:40,2.5,33.40 N,127.1 E,제주 서귀포시 성산 동쪽 20km 해역
9/27/04 18:47,2.7,35.50 N,128.3 E,경남 의령군 북쪽 20km 지역
10/4/04 6:24,2,35.50 N,128.3 E,경남 의령군 북쪽 20km 지역
10/11/04 19:19,2.2,38.00 N,125.4 E,북한 황해남도 옹진 북북동쪽 9km 지역
10/14/04 3:02,2.7,33.70 N,127.3 E,전남 여수시 거문도 남쪽 36km 해역
10/20/04 14:12,2.7,34.40 N,125.5 E,전남 신안군 흑산면 남쪽 28km 해역
11/5/04 1:25,2,37.10 N,126.1 E,인천 옹진군 덕적도 남남서쪽 14km 해역
11/28/04 13:15,2.4,37.60 N,129.5 E,강원 삼척시 동북동쪽 34km 해역
11/30/04 13:51,2.5,33.20 N,125.7 E,제주 서귀포시 서쪽 76km 해역
12/10/04 19:41,2.3,32.90 N,125.8 E,제주 서귀포시 서남서쪽 77km 해역
12/12/04 3:00,2.1,33.60 N,127.7 E,제주 제주시 동쪽 109km 해역
2/3/05 7:48,2.4,39.00 N,130.4 E,경북 울릉군 울릉도 북북서쪽 175km 해역
2/5/05 11:27,2.5,33.50 N,126.4 E,제주 제주시 서쪽 12km 해역
2/7/05 20:16,2.8,36.59 N,130.02 E,경북 영덕군 동북동쪽 62km 해역
2/20/05 22:18,3.4,35.40 N,126.22 E,전남 영광군 서북서쪽 약 30km 해역
3/12/05 11:56,2.4,38.82 N,127.14 E,북한 강원 회양 서북서쪽 42km 지역
3/17/05 23:39,3.1,32.47 N,125.85 E,제주 서귀포시 남서쪽 108km 해역
3/31/05 19:32,2.2,36.43 N,125.57 E,충남 태안군 서격렬비열도 남쪽 19km 해역
4/1/05 0:15,2.4,33.56 N,126.97 E,제주 서귀포시 성산 북북동쪽 21km 해역
4/9/05 19:14,2.4,37.17 N,125.41 E,인천 옹진군 연평도 남남서쪽 61km 해역
4/9/05 23:04,2.4,35.67 N,130.03 E,울산 동구 동북동쪽 58km 해역
4/21/05 12:37,3,34.91 N,125.47 E,전남 신안군 흑산면 북쪽 29km 해역
5/1/05 16:27,3.6,35.04 N,123.0 E,전남 신안군 가거도 서북서쪽 224km 해역
5/15/05 7:22,2.6,38.13 N,125.6 E,북한 황해남도 해주 북서쪽 14km 지역
6/8/05 0:07,2.5,37.51 N,124.76 E,인천 백령도 남쪽 50km 해역
6/10/05 12:49,2.4,36.73 N,128.48 E,경북 예천군 북북동쪽 9km 지역
6/10/05 21:14,2.5,36.78 N,128.48 E,경북 영주시 서쪽 13km 지역
6/15/05 7:07,3.7,33.15 N,126.14 E,제주 제주시 고산 남쪽 16km 해역
6/15/05 7:37,3,33.00 N,126.15 E,제주 제주시 고산 남쪽 33km 해역
6/20/05 15:31,3,38.81 N,125.57 E,북한 황해북도 송림 북서쪽 10km 지역
6/29/05 23:18,4,34.50 N,129.05 E,경남 통영시 매물도 동남동쪽 46km 해역
6/30/05 0:25,3.1,36.66 N,129.63 E,경북 영덕군 북동쪽 36km 해역
7/30/05 3:01,3.1,34.14 N,127.47 E,전남 여수시 거문도 북동쪽 19km 해역
8/24/05 5:06,3.5,34.06 N,126.95 E,전남 완도군 남남동쪽 33km 해역
8/25/05 19:33,2.2,36.75 N,126.3 E,충남 태안군 북쪽 1km 지역
8/31/05 12:58,2.1,37.12 N,129.7 E,경북 울진군 동북동쪽 30km 해역
9/7/05 17:11,2.1,37.09 N,127.86 E,충북 충주시 북북서쪽 9km 지역
10/3/05 19:18,2.1,35.62 N,129.4 E,울산 북구 북동쪽 6km 지역
10/10/05 8:51,3.4,37.93 N,124.9 E,북한 인천 백령도 동쪽 20km 해역
10/13/05 11:22,2.5,36.95 N,129.43 E,경북 울진군 남남동쪽 5km 해역
10/21/05 12:00,3,37.89 N,125.01 E,북한 인천 백령도 동남동쪽 30km 해역
10/23/05 1:02,2.5,34.97 N,127.07 E,전남 화순군 남동쪽 13km 지역
11/6/05 12:52,2.2,35.98 N,128.13 E,경북 김천시 남쪽 18km 지역
11/15/05 9:10,3,37.20 N,128.79 E,강원 정선군 남남동쪽 23km 지역
11/27/05 11:47,3.1,38.35 N,123.99 E,북한 인천 백령도 북서쪽 75km 해역
12/7/05 18:02,2.2,36.63 N,127.77 E,충북 괴산군 남쪽 20km 지역
12/18/05 0:00,2.2,34.64 N,127.61 E,전남 여수시 남서쪽 15km 해역
12/25/05 3:58,2.4,34.74 N,127.22 E,전남 보성군 동남동쪽 13km 해역
1/19/06 12:35,3.2,37.21 N,128.8 E,강원 영월군 동쪽 약 20km 지역
1/19/06 22:53,2,37.19 N,128.77 E,강원 정선군 동남동쪽 약 14 km 지역
1/21/06 11:29,2.1,36.33 N,127.26 E,대전광역시 유성구 서쪽 약 11km 지역
2/14/06 3:32,3,38.67 N,126.03 E,북한 황해도 사리원 동북동쪽 약 31km 지역
2/28/06 0:11,2.3,35.81 N,127.89 E,경남 거창군 북북서쪽 약 9km 지역
2/28/06 18:52,2.3,36.22 N,127.66 E,충북 옥천군 동남동쪽 약 11 km 지역
3/10/06 5:57,2.5,33.30 N,127.15 E,제주 남제주군 동쪽 약 65km해역
3/11/06 4:52,2.1,37.13 N,126.0 E,충남 태안군 북서쪽 약 42km 해역
3/15/06 4:36,2.4,38.19 N,125.94 E,북한 황해도 해주 동북동쪽 약 27km 지역
3/19/06 13:59,2.9,36.34 N,127.36 E,대전광역시 서구 서남서쪽 약 2km 지역
3/19/06 14:03,2,36.33 N,127.34 E,대전광역시 유성구 남서쪽 약 3km 지역
3/23/06 7:42,2.5,38.32 N,127.3 E,강원도 철원군 북쪽 약 12km 지역
3/26/06 7:54,2.4,35.66 N,126.26 E,전남 영광군 북서쪽 약 38km 해역
4/2/06 0:04,2,35.38 N,127.22 E,전북 순창군 동쪽 약 9km 지역
4/3/06 18:14,3.3,38.68 N,125.96 E,북한 황해도 사리원 동북동쪽 약 24km지역
4/13/06 1:09,2.8,34.74 N,125.01 E,전남 신안군 흑산면 서쪽 약 52km 해역
4/19/06 9:35,2.4,37.07 N,129.93 E,경북 울진군 동쪽 약 59km 해역
4/19/06 9:49,3,37.05 N,129.96 E,경북 울진군 동쪽 약 62km 해역
4/19/06 10:57,2.5,37.10 N,129.91 E,경북 울진군 동쪽 약 57km 해역
4/19/06 16:01,2.4,37.10 N,129.92 E,경북 울진군 동쪽 약 58km 해역
4/19/06 16:18,2.1,37.01 N,129.82 E,경북 울진군 동쪽 약 46km 해역
4/28/06 23:47,3,37.09 N,129.92 E,경북 울진군 동쪽 약 58km 해역
4/28/06 23:54,2.5,37.12 N,129.93 E,경북 울진군 동쪽 약 59km 해역
4/29/06 1:01,2.5,37.07 N,129.81 E,경북 울진군 동쪽 약 46km 해역
4/29/06 11:01,3.5,37.09 N,129.92 E,경북 울진군 동쪽 약 58km 해역
4/30/06 9:50,2.5,37.05 N,129.84 E,경북 울진군 동쪽 약 49km 해역
5/8/06 6:59,2.4,36.22 N,129.54 E,경북 포항시 북구 북동쪽 약 23km 해역
6/1/06 11:58,2.4,34.60 N,128.16 E,경남 남해군 동남동쪽 약 34km 해역
7/18/06 14:49,2,36.13 N,126.65 E,충남 서천군 북서쪽 약 6km 지역
7/24/06 2:44,2,37.17 N,126.32 E,충남 서산시 북북서쪽 약 30km 해역
7/25/06 23:29,2.5,35.79 N,127.89 E,경남 거창군 북북서쪽 약 8km 지역
7/26/06 2:50,2,35.80 N,127.88 E,경남 거창군 북북서쪽 약 9km 지역
8/1/06 12:57,2,35.74 N,127.82 E,경남 거창군 서북서쪽 약 11km 지역
8/7/06 14:18,2.8,35.60 N,124.63 E,전남 신안군 흑산면 서북서쪽 약 111km 해역
8/9/06 8:16,2.3,35.70 N,124.8 E,충남 태안군 서격렬비열도 남서쪽 약 100km 해역
8/26/06 7:44,2.2,37.21 N,128.81 E,강원도 태백시 서쪽 약 20km 지역
9/20/06 0:03,2.6,35.92 N,129.56 E,경북 포항시 남구 동남동쪽 약 23km 해역
9/20/06 14:15,2.1,34.62 N,128.81 E,경남 거제시 남동쪽 약 27km 해역
9/29/06 23:07,3.4,34.10 N,124.9 E,전남 신안군 흑산면 서남서쪽 약 73km 해역
10/4/06 5:29,2.2,36.67 N,127.67 E,충북 청원군 동쪽 약 20km 지역
10/16/06 14:12,2.4,37.35 N,124.88 E,인천 백령도 남남동쪽 약 44km 해역
10/22/06 14:09,2.2,37.13 N,125.98 E,충남 태안군 북서쪽 약 44km 해역
10/25/06 18:14,2.6,33.36 N,125.75 E,제주 제주시 서쪽 약 84km 해역
11/11/06 1:16,2.4,35.97 N,127.45 E,충남 금산군 남남서쪽 약 10km 지역
11/12/06 8:19,2.9,38.59 N,125.12 E,북한 황해도 장연 북쪽 약 22km 지역
11/26/06 3:05,2.4,34.14 N,127.48 E,전남 고흥군 남동쪽 약 38km 해역
12/4/06 0:51,2.7,36.46 N,127.92 E,충북 보은군 동쪽 약 21km 지역
12/10/06 1:39,2.5,33.06 N,126.22 E,제주 서귀포시 서남서쪽 약 35km 해역
12/20/06 1:18,2.1,37.14 N,129.9 E,경북 울진군 동쪽 약 56km 해역
12/28/06 9:44,2.2,36.11 N,128.11 E,경북 김천시 남동쪽 약 2km 지역
1/6/07 5:47,2.4,39.11 N,127.98 E,북한 강원 원산 동쪽 48km 해역
1/19/07 9:06,2,37.69 N,128.57 E,강원 평창군 북북동쪽 39km 지역
1/20/07 20:56,4.8,37.68 N,128.59 E,강원 평창군 북북동쪽 39km 지역
1/24/07 16:31,2.4,38.62 N,125.59 E,북한 황해북도 송림 남남서쪽 13km 지역
2/6/07 0:35,2.2,35.13 N,129.41 E,부산 기장군 남동쪽 21km 해역
3/10/07 18:18,2,37.21 N,128.85 E,강원 정선군 남동쪽 25km 지역
3/15/07 5:30,2.9,36.18 N,127.97 E,충북 영동군 동쪽 17km 지역
3/28/07 2:47,2.8,38.64 N,125.6 E,북한 황해북도 송림 남남서쪽 11km 해역
4/1/07 22:16,2.3,38.58 N,125.63 E,북한 황해북도 사리원 북서쪽 14km 지역
4/25/07 8:36,2,36.94 N,126.53 E,충남 당진군 서북서쪽 11km 지역
5/3/07 12:24,2.2,36.13 N,127.85 E,충북 영동군 남동쪽 7km 지역
5/3/07 18:24,2.1,36.60 N,127.83 E,경북 상주시 북서쪽 36km 지역
5/11/07 5:51,2.1,35.55 N,129.91 E,울산 동구 동쪽 45km 해역
5/13/07 16:22,2.2,35.92 N,128.01 E,경북 김천시 남남서쪽 25km 지역
5/16/07 4:56,2.5,35.72 N,129.22 E,경북 경주시 남쪽 13km 지역
5/19/07 7:53,2.4,36.57 N,129.0 E,경북 청송군 북북서쪽 16km 지역
5/26/07 19:59,2.5,36.10 N,125.05 E,충남 태안군 서격렬비열도 남서쪽 70km 해역
5/28/07 0:51,2.1,35.23 N,128.57 E,경남 마산시 북쪽 4km 지역
6/26/07 0:01,2.2,35.61 N,130.15 E,울산 동구 동쪽 67km 해역
7/8/07 19:28,2.2,37.37 N,129.66 E,강원 삼척시 동남동쪽 약 44km 해역
7/19/07 21:01,2.2,37.08 N,129.01 E,강원 태백시 남남동쪽 9km 지역
7/22/07 13:49,2.6,36.88 N,126.66 E,충남 당진군 동남동쪽 약 3km 지역
7/27/07 1:37,2.1,39.16 N,126.65 E,북한 평안남도 양덕 남남동쪽 6km 지역
8/7/07 18:39,2.4,37.23 N,128.8 E,강원 정선군 남동쪽 20km 지역
8/12/07 4:52,2.1,36.05 N,127.74 E,충북 영동군 남남서쪽 약 14km 지역
8/18/07 15:09,2.5,35.99 N,125.78 E,전북 군산시 어청도 남서쪽 23km 해역
8/30/07 16:12,2.9,38.69 N,125.64 E,북한 황해북도 송림 남쪽 약 5km 지역
9/12/07 6:50,2.7,36.46 N,129.47 E,경북 영덕군 동북동쪽 약 11km 해역
9/17/07 1:16,3,36.45 N,129.69 E,경북 영덕군 동쪽 약 29km 해역
9/24/07 0:24,2.6,36.45 N,129.61 E,경북 영덕군 동쪽 22km 해역
10/1/07 1:02,2.2,36.44 N,129.54 E,경북 영덕군 북동쪽 약 16km 해역
10/4/07 23:56,2.9,36.43 N,129.55 E,경북 영덕군 동쪽 약 16km 해역
10/6/07 9:08,2.5,35.59 N,125.96 E,전남 영광군 북서쪽 61km 해역
10/8/07 22:36,2.2,38.90 N,125.76 E,북한 평양 남쪽 13km 지역
10/13/07 4:13,2.1,36.44 N,129.63 E,경북 영덕군 동쪽 24km 해역
10/16/07 14:59,2.9,37.45 N,128.97 E,강원 동해시 서남서쪽 15km 지역
10/17/07 20:06,2.1,36.43 N,129.57 E,경북 영덕군 동쪽 18km 해역
10/29/07 2:32,2.5,36.62 N,128.42 E,경북 예천군 남서쪽 5km 지역
11/19/07 5:51,2.1,34.78 N,126.48 E,전남 영암군 서쪽 20km 지역
12/16/07 0:04,2.2,35.62 N,127.8 E,경남 함양군 북북동쪽 13km 지역
12/22/07 9:54,2.6,38.63 N,125.5 E,북한 황해남도 안악군 북쪽 14km 지역
12/28/07 4:03,2.7,34.98 N,129.64 E,부산 해운대구 동남동쪽 48km 해역
1/1/08 6:33,3.2,40.41 N,127.25 E,북한 함경남도 장진 북북동쪽 3km 지역
1/10/08 22:51,2.2,35.09 N,125.06 E,전남 신안군 흑산면 북서쪽 62km 해역
1/14/08 18:03,2.2,36.19 N,127.54 E,충남 금산군 북북동쪽 10km 지역
1/16/08 19:58,3.9,35.65 N,125.37 E,전북 군산시 어청도 남서쪽 75km 해역
2/5/08 10:06,2.3,38.41 N,125.9 E,북한 황해북도 사리원 남동쪽 16km 지역
2/23/08 18:19,2.2,35.82 N,129.33 E,경북 경주시 동쪽 11km 지역
2/26/08 9:10,2.6,37.95 N,124.85 E,인천 백령도 동쪽 15km 해역
2/26/08 23:22,2.5,35.97 N,126.56 E,전북 군산시 서쪽 14km 해역
2/29/08 5:37,2.4,33.57 N,126.54 E,제주 제주시 북쪽 8km 해역
2/29/08 15:53,3.2,38.75 N,126.23 E,북한 황해북도 신계 북서쪽 38km 지역
3/8/08 18:05,2,35.66 N,128.8 E,경북 청도군 동북동쪽 6km 지역
3/9/08 18:07,2.2,38.75 N,125.84 E,북한 황해북도 송림 동쪽 18km 지역
3/15/08 1:38,2,38.11 N,127.1 E,경기 연천군 북동쪽 3km 지역
3/21/08 23:57,2.7,35.15 N,124.57 E,전남 신안군 흑산면 북서쪽 99km 해역
3/27/08 16:29,2.8,37.78 N,126.4 E,인천 강화군 서북서쪽 9km 지역
5/26/08 11:01,2.6,35.85 N,130.01 E,경북 포항시 남구 동남동쪽 61km 해역
5/31/08 21:59,4.2,33.50 N,125.69 E,제주 제주시 서쪽 78km 해역
6/21/08 23:30,2.2,35.57 N,128.6 E,경남 밀양시 북서쪽 17km 지역
6/30/08 3:34,2.3,35.10 N,124.66 E,전남 신안군 흑산면 북서쪽 89km 해역
7/1/08 16:32,2.3,35.54 N,128.82 E,경남 밀양시 북동쪽 8km 지역
7/4/08 19:39,2.1,39.26 N,127.22 E,북한 함경남도 고원 남쪽 18km 지역
7/4/08 20:48,2.5,39.30 N,127.19 E,북한 함경남도 고원 남남서쪽 15km 지역
7/22/08 23:11,2.5,35.31 N,129.74 E,울산 동구 남동쪽 36km 해역
7/23/08 19:29,3.2,34.49 N,128.04 E,경남 남해군 남남동쪽 41km 해역
7/27/08 17:13,2.4,39.40 N,126.03 E,북한 평안남도 평성 북동쪽 23km 지역
7/27/08 21:48,2.2,34.45 N,128.08 E,경남 남해군 남남동쪽 46km 해역
8/20/08 14:45,2.2,35.72 N,125.69 E,전북 군산시 어청도 남남서쪽 52km 해역
9/4/08 0:44,3,35.13 N,125.04 E,전남 신안군 흑산면 북서쪽 66km 해역
9/8/08 15:35,2.6,34.57 N,128.25 E,경남 통영시 남남서쪽 36km 해역
9/11/08 10:46,2.4,38.08 N,127.12 E,경기 연천군 동남동쪽 4km 지역
9/13/08 12:05,2.5,35.60 N,126.99 E,전북 정읍시 동북동쪽 12km 지역
9/20/08 11:24,2.8,34.11 N,125.02 E,전남 신안군 흑산면 남서쪽 73km 해역
10/8/08 11:04,2.1,38.12 N,127.11 E,경기 연천군 북동쪽 4km 지역
10/29/08 9:26,3.4,36.35 N,127.25 E,충남 공주시 남동쪽 15km 지역
11/5/08 18:12,2.3,37.07 N,129.11 E,경북 봉화군 동북동쪽 38km 지역
11/11/08 21:20,3,38.54 N,125.65 E,북한 황해북도 사리원 서북서쪽 10km 지역
11/11/08 21:30,3,38.55 N,125.67 E,북한 황해북도 사리원 서북서쪽 9km 지역
11/11/08 23:37,2.5,38.56 N,125.66 E,북한 황해북도 사리원 북서쪽 11km 지역
12/7/08 2:28,2.4,36.45 N,129.56 E,경북 영덕군 동북동쪽 18km 해역
12/7/08 18:02,2.3,37.79 N,125.02 E,북한 황해남도 옹진 서남서쪽 34km 해역
12/8/08 8:49,2.4,35.14 N,124.62 E,전남 신안군 흑산면 북서쪽 95km 해역
12/11/08 19:31,2.7,40.38 N,126.87 E,북한 자강도 용림 남남동쪽 14km 지역
12/18/08 23:38,2.3,36.47 N,129.66 E,경북 영덕군 동북동쪽 27km 해역
12/19/08 17:53,3.5,36.49 N,129.68 E,경북 영덕군 동북동쪽 29km 해역
12/19/08 21:53,2.2,37.36 N,129.83 E,경북 울진군 북동쪽 56km 해역
12/29/08 5:51,2.2,35.67 N,126.34 E,전북 부안군 서남서쪽 36km 해역
1/1/09 6:45,2.1,36.31 N,128.35 E,경북 구미시 북쪽 22km 지역
1/1/09 15:58,2.5,36.50 N,129.08 E,경북 청송군 북북동쪽 7km 지역
1/2/09 8:15,2.2,33.94 N,127.67 E,전남 고흥군 남남동쪽 82km 해역
1/5/09 2:59,2.1,33.47 N,127.31 E,제주 서귀포시 성산 동북동쪽 41km 해역
1/9/09 20:53,3.2,38.73 N,125.82 E,북한 황해북도 사리원 북북동쪽 22km 지역
1/13/09 19:07,3,36.47 N,129.64 E,경북 영덕군 동쪽 22km 해역
2/12/09 17:46,3.2,35.26 N,127.44 E,전남 구례군 동쪽 7km 지역
2/15/09 12:57,2.3,35.85 N,127.72 E,전북 무주군 남남동쪽 18km 지역
2/15/09 22:41,3,35.76 N,125.71 E,전북 군산시 어청도 남남서쪽 47km 해역
2/19/09 0:01,2.3,39.72 N,126.89 E,북한 함경남도 요덕 북북동쪽 9km 지역
2/23/09 21:47,2.8,37.13 N,126.01 E,인천 옹진군 덕적도 남서쪽 15km 해역
2/26/09 15:03,2.7,35.03 N,129.59 E,부산 기장군 남동쪽 41km 해역
2/26/09 20:53,2.2,36.94 N,129.36 E,경북 울진군 남서쪽 7km 지역
3/2/09 14:20,3.4,37.08 N,124.65 E,충남 태안군 서격렬비도 북서쪽 95km 해역
3/26/09 2:32,2.3,33.38 N,127.14 E,제주 서귀포시 성산 동쪽 24km 해역
3/26/09 22:21,2.9,38.11 N,127.13 E,경기 연천군 동쪽 3km 지역
3/30/09 5:58,2.3,36.21 N,128.08 E,경북 김천시 북쪽 8km 지역
4/2/09 20:28,3,37.60 N,125.95 E,인천 강화군 서남서쪽 50km 해역
4/14/09 4:51,2.5,38.45 N,125.65 E,북한 황해북도 사리원 서남서쪽 11km 지역
4/18/09 20:19,2.5,33.39 N,127.07 E,제주 서귀포시 성산 동쪽 18km 해역
4/21/09 17:44,2,35.45 N,128.22 E,경남 의령군 북북서쪽 15km 지역
4/29/09 12:15,2.9,33.43 N,127.36 E,제주 서귀포시 성산 동쪽 45km 해역
5/2/09 7:58,4,36.56 N,128.71 E,경북 안동시 서남서쪽 2km 지역
5/2/09 12:28,2.9,36.57 N,128.71 E,경북 안동시 서북서쪽 2km 지역
5/14/09 20:50,2.2,36.25 N,127.13 E,충남 논산시 북쪽 11km 지역
5/15/09 22:41,2.4,36.59 N,126.41 E,충남 태안군 남남동쪽 20km 해역
5/25/09 18:12,2.4,36.95 N,129.33 E,경북 울진군 남서쪽 8km 지역
5/26/09 18:59,2.2,36.57 N,129.22 E,경북 영양군 남동쪽 14km 지역
5/31/09 0:10,2.5,33.52 N,125.85 E,제주 제주시 서쪽 63km 해역
5/31/09 15:24,2.3,38.60 N,126.43 E,북한 황해북도 신계 북서쪽 14km 지역
6/3/09 15:56,2.4,33.19 N,126.33 E,제주 서귀포시 서남서쪽 18km 해역
6/3/09 20:09,2.9,38.57 N,126.5 E,북한 황해북도 신계 북북서쪽 9km 지역
6/6/09 0:49,2.8,38.63 N,127.44 E,북한 강원 회양 서남서쪽 16km 지역
6/6/09 1:56,2.4,35.09 N,125.06 E,전남 신안군 흑산면 북서쪽 62km 해역
6/20/09 4:05,2.9,37.09 N,124.74 E,충남 태안군 서격렬비도 북서쪽 89km 해역
6/20/09 21:14,2.2,38.03 N,126.62 E,북한 개성 북동쪽 8km 지역
6/25/09 13:05,2.2,39.43 N,126.11 E,북한 평안남도 성천 서북서쪽 15km 지역
6/28/09 22:07,3,35.78 N,128.29 E,경북 고령군 북북동쪽 7km 지역
6/29/09 11:52,2.7,37.14 N,126.0 E,인천 옹진군 덕적도 서남서쪽 16km 해역
7/1/09 8:55,2.6,37.84 N,124.94 E,인천 백령도 남동쪽 30km 해역
7/15/09 4:04,3,35.14 N,125.1 E,전남 신안군 흑산면 북북서쪽 61km 해역
7/17/09 13:14,2.5,38.45 N,126.15 E,북한 황해북도 평산 서북서쪽 25km 지역
7/30/09 9:27,2.6,35.85 N,126.29 E,전북 부안군 위도 북쪽 27km 해역
8/15/09 3:18,2.6,36.52 N,129.61 E,경북 영덕군 북동쪽 23km 해역
8/17/09 15:24,2.4,36.54 N,129.6 E,경북 영덕군 북동쪽 24km 해역
8/21/09 23:02,3.8,38.82 N,125.79 E,북한 황해북도 송림 북동쪽 16km 지역
8/25/09 23:08,2.4,37.68 N,124.68 E,인천 백령도 남쪽 30km 해역
10/1/09 21:30,2.9,38.12 N,126.02 E,북한 황해남도 해주 동북동쪽 28km 지역
10/4/09 12:00,2.5,39.38 N,126.05 E,북한 평안남도 평성 북북동쪽 17km 지역
10/16/09 13:12,2.3,33.40 N,127.29 E,제주 서귀포시 성산 동쪽 38km 해역
11/5/09 4:31,2.7,38.42 N,124.87 E,북한 황해남도 장연 서북서쪽 50km 해역
11/14/09 5:28,2.4,35.66 N,126.91 E,전북 정읍시 북동쪽 14km 지역
11/14/09 21:27,2.5,34.81 N,127.93 E,경남 남해군 남동쪽 4km 지역
11/17/09 5:38,2.3,36.07 N,126.95 E,전북 익산시 북쪽 14km 지역
11/27/09 10:34,2.4,37.69 N,129.58 E,강원 동해시 동북동쪽 44km 해역
12/4/09 5:14,2.8,36.72 N,128.55 E,경북 예천군 북동쪽 11km 지역
12/11/09 13:13,2.8,33.69 N,125.64 E,전남 신안군 가거도 남동쪽 62km 해역
12/15/09 7:19,2.3,38.80 N,125.94 E,북한 황해북도 송림 동북동쪽 27km 지역
12/15/09 9:02,2.4,36.76 N,127.1 E,충남 아산시 동남동쪽 9km 지역
12/26/09 10:55,2.2,37.87 N,124.91 E,북한 인천 백령도 동남동쪽 22km 해역
1/5/10 20:12,2.6,36.97 N,126.52 E,충남 당진군 북서쪽 13km 지역
1/10/10 11:58,2.1,38.80 N,126.07 E,북한 평양 남동쪽 37km 지역
1/23/10 17:54,2.1,36.59 N,128.17 E,경북 상주시 북쪽 20km 지역
2/1/10 5:00,2.3,33.30 N,127.14 E,제주 서귀포시 성산 동남동쪽 26km 해역
2/1/10 6:42,2.4,33.34 N,127.18 E,제주 서귀포시 성산 동쪽 28km 해역
2/3/10 20:57,2.6,33.33 N,127.19 E,제주 서귀포시 성산 동남동쪽 29km 해역
2/9/10 18:08,3,37.45 N,126.8 E,경기 시흥시 북쪽 8km 지역
2/16/10 18:53,3.3,35.63 N,129.95 E,울산 동구 동북동쪽 64km 해역
2/21/10 21:17,2.3,36.75 N,127.1 E,충남 천안시 남서쪽 8km 지역
2/22/10 23:29,3,33.29 N,127.17 E,제주 서귀포시 동쪽 61km 해역
3/1/10 21:58,2.2,38.41 N,125.62 E,북한 황해남도 안악 남동쪽 15km 지역
3/9/10 12:50,3.2,36.42 N,125.75 E,충남 태안군 서격렬비열도 남동쪽 28km 해역
4/4/10 12:49,2.3,38.51 N,126.06 E,북한 황해북도 사리원 동쪽 26km 지역
4/12/10 1:18,2.2,34.12 N,125.66 E,전남 신안군 흑산면 남남동쪽 61km 해역
4/13/10 2:14,2.5,34.02 N,125.44 E,전남 신안군 흑산면 남쪽 70km 해역
4/16/10 19:56,2.2,38.78 N,126.01 E,북한 황해북도 송림 동쪽 29km 지역
4/27/10 19:29,2.3,36.80 N,128.75 E,경북 안동시 북쪽 26km 지역
4/28/10 14:42,2.1,36.55 N,128.71 E,경북 안동시 남서쪽 3km 지역
5/15/10 14:44,2.2,36.00 N,127.84 E,전북 무주군 동쪽 16km 지역
5/26/10 15:22,2.4,37.60 N,129.68 E,강원 삼척시 동북동쪽 48km 해역
6/11/10 13:02,2.1,38.78 N,126.07 E,북한 황해북도 송림 동쪽 38km 지역
6/22/10 22:21,2.6,38.46 N,125.64 E,북한 황해북도 사리원 서남서쪽 12km 지역
6/26/10 4:59,2.7,32.35 N,125.88 E,제주 서귀포시 이어도 동북동쪽 70km 해역
6/28/10 12:19,2.1,38.75 N,126.03 E,북한 황해북도 송림 동쪽 34km 지역
7/6/10 3:44,2.3,36.47 N,127.13 E,충남 공주시 북북동쪽 3km 지역
7/27/10 18:32,2.2,36.34 N,127.26 E,충남 공주시 남동쪽 17km 지역
8/24/10 3:59,2.5,38.71 N,125.9 E,북한 황해북도 송림 동쪽 23km 지역
8/28/10 7:35,3.2,32.90 N,126.27 E,제주 제주시 고산 남남동쪽 45km 해역
9/6/10 19:32,2.8,36.56 N,129.01 E,경북 청송군 북북서쪽 15km 지역
9/30/10 2:07,2.5,33.41 N,127.34 E,제주 제주시 동남동쪽 67km 해역
10/4/10 23:24,2.8,37.67 N,129.7 E,강원 삼척시 동북동쪽 53km 해역
10/7/10 2:33,2.8,35.87 N,129.79 E,경북 포항시 남구 동남동쪽 41km 해역
10/14/10 18:06,2.3,37.14 N,129.73 E,경북 울진군 동북동쪽 33km 해역
10/22/10 11:59,2.5,35.85 N,128.18 E,경북 성주군 남서쪽 12km 지역
10/23/10 23:43,2.4,39.77 N,126.7 E,북한 함경남도 요덕 북서쪽 19km 지역
10/25/10 12:36,2.5,34.29 N,127.39 E,전남 여수시 거문도 북북동쪽 30km 지역
11/7/10 20:11,2.8,40.15 N,128.28 E,북한 함경남도 북청 서북서쪽 11km 지역
11/20/10 0:07,2.7,36.83 N,126.76 E,충남 당진시 동남동쪽 13km 지역
11/27/10 7:51,2.8,35.95 N,129.79 E,경북 포항시 남구 동쪽 39km 해역
11/28/10 10:15,2.3,35.18 N,127.02 E,전남 담양군 남쪽 16km 지역
12/19/10 9:11,2.6,37.31 N,129.38 E,강원 삼척시 남동쪽 24km 해역
12/20/10 6:56,2.2,36.93 N,125.5 E,충남 태안군 서격렬비도 북북서쪽 35km 해역
1/4/11 1:22,2,36.41 N,127.15 E,충남 공주시 남동쪽 4km 지역
1/21/11 10:56,2.2,33.70 N,127.38 E,전남 여수시 거문도 남쪽 37km 해역
1/26/11 22:15,2.7,33.40 N,127.33 E,제주 서귀포시 성산 동쪽 42km 해역
2/11/11 19:21,2.2,37.19 N,129.06 E,강원 삼척시 남남서쪽 30km 지역
2/27/11 18:50,3.5,33.65 N,125.9 E,제주 제주시 고산 북북서쪽 47km 해역
3/6/11 11:04,2.9,38.66 N,125.67 E,북한 황해북도 송림 남남동쪽 9km 지역
3/11/11 9:57,2.5,38.51 N,127.57 E,북한 강원 회양 남쪽 22km 지역
3/12/11 8:15,2.6,37.00 N,125.27 E,충남 태안군 서격렬비도 북북서쪽 50km 해역
3/13/11 3:12,2.3,37.50 N,125.33 E,인천 옹진군 연평도 서남서쪽 약38km 해역
3/14/11 14:47,2.9,34.62 N,126.1 E,전남 신안군 남서쪽 31km 해역
3/24/11 4:35,2.8,36.34 N,127.83 E,충북 옥천군 동쪽 23km 지역
3/28/11 13:50,3.2,35.97 N,129.95 E,경북 포항시 북구 동쪽 53km 해역
4/3/11 1:47,2.7,35.77 N,128.53 E,대구 달성군 남남서쪽 7km 지역
4/11/11 6:11,3.1,37.72 N,129.07 E,강원 강릉시 동남동쪽 16km 해역
4/11/11 23:48,2.8,39.13 N,125.87 E,북한 평안남도 평성 남쪽 12km 지역
4/24/11 16:37,3.1,37.85 N,125.01 E,인천 백령도 동남동쪽 31km 해역
5/11/11 21:09,2.2,39.33 N,126.22 E,북한 평안남도 성천 북쪽 10km 지역
5/25/11 18:29,2.3,33.61 N,127.28 E,제주 서귀포시 성산 동북동쪽 31km 해역
5/28/11 15:41,2.5,35.93 N,129.69 E,경북 포항시 남구 동남동쪽 31km 해역
5/29/11 10:22,3.2,35.58 N,128.75 E,경북 청도군 남쪽 8km 지역
6/2/11 8:09,2.9,33.59 N,127.26 E,제주 서귀포시 성산 동북동쪽 42km 해역
6/2/11 10:50,2.9,36.70 N,127.94 E,경북 문경시 서북서쪽 26km 지역
6/5/11 22:53,2.5,36.05 N,127.53 E,충남 금산군 남남동쪽 7km 지역
6/8/11 14:21,3,35.08 N,125.3 E,전남 신안군 흑산면 북북서쪽 50km 해역
6/9/11 15:13,2.6,35.91 N,129.7 E,경북 포항시 남구 동남동쪽 32km 해역
6/15/11 14:21,3.7,33.71 N,127.81 E,전남 여수시 거문도 남동쪽 58km 해역
6/16/11 8:13,2.8,33.62 N,127.27 E,제주 서귀포시 성산 북동쪽 44km 해역
6/17/11 16:38,4,37.89 N,124.81 E,인천 백령도 동남동쪽 13km 해역
6/17/11 16:57,2.4,37.90 N,124.81 E,인천 백령도 동남동쪽 13km 해역
6/27/11 14:11,2.9,35.52 N,126.14 E,전북 부안군 위도 서남서쪽 17km 해역
7/5/11 2:13,2.3,38.58 N,126.36 E,북한 황해북도 신계 서북서쪽 18km 지역
7/13/11 4:05,2.1,35.91 N,128.39 E,경북 성주군 동쪽 9km 지역
7/19/11 14:54,2.4,37.89 N,124.67 E,인천 백령도 남쪽 7km 해역
7/27/11 14:38,2.8,36.55 N,129.56 E,경북 영덕군 북동쪽 23km 해역
7/28/11 11:28,2.2,35.90 N,129.7 E,경북 포항시 남구 동남동쪽 35km 해역
8/9/11 12:11,2.5,35.66 N,129.76 E,울산 동구 동북동쪽 35km 해역
8/15/11 6:10,3.2,38.47 N,125.63 E,북한 황해북도 사리원 서남서쪽 12km 지역
8/20/11 6:57,3,37.50 N,124.46 E,인천 백령도 남남서쪽 54km 해역
8/20/11 13:22,2.2,38.46 N,127.83 E,북한 강원 회양 남동쪽 34km 지역
8/31/11 19:39,2.6,35.70 N,129.75 E,울산 동구 북동쪽 37km 해역
9/8/11 1:56,3.2,38.82 N,126.0 E,북한 황해북도 사리원 북동쪽 19km 지역
9/21/11 23:59,2.6,35.91 N,125.21 E,전북 군산시 어청도 서남서쪽 72km 해역
9/25/11 12:59,2.6,35.58 N,125.9 E,전북 부안군 위도 서쪽 36km 해역
9/26/11 22:12,3.3,34.58 N,128.12 E,경남 남해군 남동쪽 36km 해역
9/28/11 13:20,2.6,38.48 N,126.26 E,북한 황해북도 평산 북서쪽 20km 지역
10/7/11 19:04,2.7,33.34 N,127.19 E,제주 서귀포시 성산 동쪽 29km 해역
11/2/11 7:20,3,35.54 N,130.65 E,울산 동구 동쪽 111km 해역
11/26/11 4:03,2.2,34.23 N,127.67 E,전남 여수시 거문도 북동쪽 40km 해역
11/30/11 0:37,2.5,35.98 N,126.53 E,전북 군산시 서쪽 17km 해역
12/14/11 15:39,2,37.97 N,125.82 E,북한 황해남도 해주 남동쪽 12km 지역
12/25/11 0:01,2.3,37.12 N,128.99 E,강원 태백시 남쪽 5km 지역
12/27/11 21:57,3.3,36.86 N,129.94 E,경북 울진군 동남동쪽 50km 해역
1/1/12 19:40,2,39.02 N,125.82 E,북한 평양 동쪽 6km 지역
1/16/12 3:03,2.2,36.79 N,128.75 E,경북 안동시 북쪽 25km 지역
1/19/12 15:43,2.7,38.51 N,126.23 E,북한 황해북도 평산 북서쪽 24km 지역
1/24/12 2:41,2.2,37.12 N,125.96 E,인천 옹진군 덕적도 서남서쪽 20km 해역
2/19/12 20:21,2.7,35.13 N,129.89 E,울산 동구 남동쪽 59km 해역
2/21/12 22:30,2.5,35.13 N,129.8 E,부산 기장군 동남동쪽 54km 해역
2/24/12 0:54,2.4,35.13 N,129.85 E,울산 동구 남동쪽 57km 해역
2/24/12 9:05,3.2,35.20 N,129.93 E,울산 동구 남동쪽 57km 해역
2/27/12 0:26,2.5,35.15 N,129.85 E,울산 동구 남동쪽 55km 해역
3/18/12 9:21,2.5,36.90 N,130.24 E,경북 울진군 동쪽 75km 해역
3/29/12 0:26,2.2,35.34 N,125.95 E,전북 부안군 위도 남서쪽 43km 해역
3/30/12 14:51,2.3,36.49 N,127.91 E,경북 상주시 서북서쪽 24km 지역
4/17/12 13:31,2.6,35.72 N,126.51 E,전북 부안군 서쪽 20km 해역
4/20/12 21:11,3.1,33.43 N,127.26 E,제주 서귀포시 성산 동쪽 36km 해역
5/2/12 1:33,3.4,33.69 N,126.04 E,제주 제주시 고산 북북서쪽 46km 해역
5/2/12 5:04,2.1,35.77 N,126.81 E,전북 김제시 서남서쪽 7km 지역
5/11/12 12:46,3.9,36.02 N,127.71 E,전북 무주군 동북동쪽 5km 지역
5/15/12 11:05,2.9,35.92 N,129.62 E,경북 포항시 남구 동남동쪽 25km 해역
5/16/12 17:50,2.7,36.23 N,128.49 E,경북 군위군 서쪽 8km 지역
5/30/12 2:48,3.4,36.57 N,129.57 E,경북 영덕군 북동쪽 25km 해역
6/1/12 8:09,2.3,35.92 N,127.61 E,전북 무주군 남남서쪽 10km 지역
6/1/12 12:05,2.6,37.12 N,125.96 E,인천 옹진군 덕적도 서남서쪽 20km 해역
6/5/12 8:18,2.1,38.43 N,126.16 E,북한 황해북도 평산 서북서쪽 23km 지역
6/12/12 3:42,2.1,36.32 N,127.51 E,충북 옥천군 서북서쪽 6km 지역
6/12/12 9:01,2.1,38.77 N,125.72 E,북한 황해북도 송림 동북동쪽 8km 지역
6/12/12 13:34,2.4,37.33 N,125.27 E,인천 옹진군 연평도 남서쪽 53km 해역
6/12/12 17:52,2.2,35.87 N,128.67 E,대구 수성구 동북동쪽 4km 지역
6/14/12 6:15,2.1,39.72 N,126.92 E,북한 함경남도 요덕 북동쪽 10km지역
6/19/12 20:55,3.1,33.48 N,125.93 E,제주 제주시 고산 북서쪽 30km 해역
6/23/12 16:42,2.6,36.70 N,128.31 E,경북 문경시 북동쪽 17km 지역
6/24/12 1:20,2.1,37.53 N,124.56 E,인천 백령도 남남서쪽 48km 해역
7/3/12 9:42,2.2,37.19 N,129.08 E,강원 삼척시 남남서쪽 30km 지역
7/8/12 9:43,2.5,35.72 N,129.35 E,경북 경주시 남동쪽 18km 지역
7/9/12 8:59,2.4,35.32 N,128.71 E,경남 창원시 북북동쪽 11km지역
7/11/12 19:27,2.5,36.90 N,125.27 E,충남 태안군 서격렬비도 북서쪽 41km 해역
7/11/12 19:33,2.1,36.87 N,125.28 E,충남 태안군 서격렬비도 북서쪽 38km 해역
7/14/12 2:38,2.6,33.78 N,124.97 E,전남 신안군 가거도 남남서쪽 34km 해역
7/22/12 12:04,2.3,34.69 N,126.6 E,전남 영암군 남서쪽 15km 지역
7/26/12 19:24,3.4,37.98 N,125.45 E,북한 황해남도 옹진 북동쪽 10km 지역
7/29/12 3:22,2.7,32.85 N,126.02 E,제주 제주시 고산 남남서쪽 51km 해역
8/10/12 21:25,2.6,35.82 N,128.39 E,경북 고령군 북동쪽 16km 지역
8/13/12 0:54,2.2,36.84 N,128.68 E,경북 영주시 북동쪽 6km 지역
8/18/12 18:06,2.2,36.20 N,125.26 E,충남 태안군 서격렬비도 남남서쪽 51km 해역
9/7/12 2:34,3.1,36.40 N,127.25 E,충남 공주시 동남동쪽 12km 지역
9/10/12 22:06,2.1,35.82 N,129.41 E,경북 경주시 동쪽 18km 지역
9/18/12 5:39,2.7,33.53 N,125.81 E,제주 제주시 고산 북서쪽 42km 해역
9/19/12 14:49,2.1,34.71 N,128.72 E,경남 통영시 매물도 동북동쪽 15km 해역
9/19/12 14:52,2.2,34.66 N,128.75 E,경남 통영시 매물도 동쪽 16km 해역
9/20/12 2:43,2.4,35.61 N,129.82 E,울산 동구 동북동쪽 38km 해역
9/24/12 9:59,2.5,38.73 N,125.48 E,북한 남포 남동쪽 4km 지역
9/27/12 22:24,2.7,35.40 N,126.08 E,전북 부안군 위도 남서쪽 30km 해역
9/28/12 19:36,2.1,36.41 N,128.73 E,경북 의성군 북북동쪽 7km 지역
10/1/12 6:51,2.4,36.73 N,128.4 E,경북 예천군 북북서쪽 10km 지역
10/17/12 14:37,2.5,37.54 N,124.84 E,인천 백령도 남남동쪽 48km 해역
11/22/12 3:04,3,35.22 N,127.97 E,경남 진주시 서북서쪽 11km 지역
12/19/12 15:05,2.2,35.72 N,127.22 E,전북 완주군 남남동쪽 21km 지역
1/2/13 5:53,2.5,33.37 N,127.27 E,제주 서귀포시 성산 동쪽 36km 해역
1/15/13 13:31,2.8,36.59 N,129.73 E,경북 영덕군 동북동쪽 38km 해역
1/26/13 8:57,2.4,36.11 N,127.73 E,충북 영동군 남서쪽 9km 지역
2/4/13 5:39,3.1,36.55 N,128.9 E,경북 안동시 동쪽 15km 지역
2/5/13 21:25,3.5,35.77 N,127.97 E,경남 거창군 북북동쪽 11km 지역
2/7/13 22:07,2.2,35.76 N,129.13 E,경북 경주시 남서쪽 12km 지역
4/10/13 13:07,2.2,36.50 N,127.44 E,충북 청원군 남남서쪽 16km 지역
4/14/13 16:16,2.3,38.20 N,129.29 E,강원 양양군 동북동쪽 60km 해역
4/17/13 21:33,2.3,36.56 N,129.61 E,경북 영덕군 북동쪽 27km 해역
4/19/13 23:46,2.2,36.55 N,129.6 E,경북 영덕군 북동쪽 26km 해역
4/21/13 8:21,4.9,35.16 N,124.56 E,전남 신안군 흑산면 북서쪽 101km 해역
4/21/13 18:21,2.7,35.14 N,124.49 E,전남 신안군 흑산면 서북서쪽 105km 해역
4/28/13 3:39,2.7,33.65 N,127.29 E,전남 여수시 거문도 남쪽 42km 해역
4/30/13 5:26,2.5,36.47 N,129.61 E,경북 영덕군 동북동쪽 23km 해역
4/30/13 10:58,2,36.46 N,129.63 E,경북 영덕군 동북동쪽 24km 해역
5/14/13 20:17,2.8,37.70 N,124.79 E,인천 백령도 남남동쪽 30km 해역
5/15/13 8:34,2.7,37.71 N,124.68 E,인천 백령도 남쪽 27km 해역
5/15/13 8:48,2.8,37.69 N,124.74 E,인천 백령도 남쪽 30km 해역
5/18/13 3:00,3.5,37.68 N,124.6 E,인천 백령도 남남동쪽 31km 해역
5/18/13 7:02,4.9,37.68 N,124.63 E,인천 백령도 남쪽 31km 해역
5/18/13 7:24,2.2,37.69 N,124.65 E,인천 백령도 남쪽 29km 해역
5/18/13 7:26,3.3,37.67 N,124.66 E,인천 백령도 남쪽 31km 해역
5/18/13 7:54,2.5,37.69 N,124.65 E,인천 백령도 남쪽 29km 해역
5/18/13 9:13,2.4,37.67 N,124.62 E,인천 백령도 남쪽 32km 해역
5/18/13 9:32,2.5,37.64 N,124.57 E,인천 백령도 남남서쪽 36km 해역
5/18/13 11:45,3.9,37.67 N,124.61 E,인천 백령도 남쪽 32km 해역
5/18/13 14:09,2.6,37.71 N,124.68 E,인천 백령도 남쪽 27km 해역
5/18/13 16:18,2.1,37.69 N,124.61 E,인천 백령도 남남서쪽 30km해역
5/19/13 5:27,2.3,37.73 N,124.74 E,인천 백령도 남남동쪽 25km 해역
5/21/13 16:17,3.7,37.66 N,124.71 E,인천 백령도 남쪽 33km 해역
5/22/13 23:25,2.1,38.75 N,128.81 E,강원 고성군 북동쪽 51km 해역
6/5/13 12:34,2.6,36.23 N,126.18 E,충남 보령시 서남서쪽 41km 해역
6/8/13 5:56,3.2,35.14 N,126.96 E,광주 동구 동쪽 3km 지역
6/10/13 14:01,2.1,37.71 N,124.7 E,인천 백령도 남쪽 27km 해역
6/16/13 19:47,2.1,36.19 N,126.15 E,충남 보령시 서남서쪽 45km 해역
6/16/13 22:12,2.5,36.20 N,126.16 E,충남 보령시 서남서쪽 43km 해역
6/17/13 20:31,2.4,36.20 N,126.17 E,충남 보령시 서남서쪽 43km 해역
6/18/13 2:31,2.3,36.21 N,126.18 E,충남 보령시 서남서쪽 41km 해역
6/19/13 1:52,2.3,36.20 N,126.16 E,충남 보령시 서남서쪽 43km 해역
6/19/13 16:02,2.6,36.19 N,126.16 E,충남 보령시 서남서쪽 44km 해역
6/20/13 12:35,2.4,39.23 N,125.95 E,북한 평안남도 평성 동쪽 8km 지역
6/21/13 16:29,2.2,36.19 N,126.14 E,충남 보령시 서남서쪽 45km 해역
6/21/13 21:55,2.4,36.20 N,126.19 E,충남 보령시 서남서쪽 41km 해역
6/22/13 3:51,2.5,36.20 N,126.17 E,충남 보령시 서남서쪽 43km 해역
6/22/13 10:37,2.8,36.19 N,126.16 E,충남 보령시 서남서쪽 44km 해역
6/22/13 11:18,2.3,36.20 N,126.17 E,충남 보령시 서남서쪽 43km 해역
6/24/13 5:28,2.3,36.20 N,126.17 E,충남 보령시 서남서쪽 43km 해역
6/24/13 18:26,2.1,38.04 N,129.75 E,강원 동해시 북동쪽 80km 해역
6/27/13 19:33,2.5,36.20 N,126.14 E,충남 보령시 서남서쪽 45km 해역
6/29/13 13:32,2.3,36.20 N,126.17 E,충남 보령시 서남서쪽 43km 해역
7/1/13 11:24,3,38.78 N,126.36 E,북한 황해북도 신계 북북서쪽 35km 지역
7/13/13 2:02,3.5,36.20 N,126.18 E,충남 보령시 서남서쪽 42km 해역
7/15/13 1:39,2.4,33.03 N,125.68 E,제주 제주시 고산 서남서쪽 68km 해역
7/15/13 19:44,2.5,36.20 N,126.15 E,충남 보령시 서남서쪽 44km 해역
7/23/13 16:03,2.7,36.19 N,126.16 E,충남 보령시 서남서쪽 44km 해역
7/26/13 11:23,2.2,36.19 N,126.14 E,충남 보령시 서남서쪽 45km 해역
7/28/13 9:10,2.8,36.20 N,126.14 E,충남 보령시 서남서쪽 45km 해역
7/29/13 10:29,2.7,36.20 N,126.13 E,충남 보령시 서남서쪽 46km 해역
7/30/13 14:57,2.7,36.21 N,126.14 E,충남 보령시 서남서쪽 45km 해역
7/31/13 20:05,2.2,36.21 N,126.17 E,충남 보령시 서남서쪽 42km 해역
7/31/13 20:27,2.2,36.20 N,126.17 E,충남 보령시 서남서쪽 43km 해역
7/31/13 22:30,3.2,36.21 N,126.18 E,충남 보령시 서남서쪽 41km 해역
8/1/13 0:57,2.8,36.23 N,126.22 E,충남 보령시 서남서쪽 37km 해역
8/1/13 17:22,3.1,36.19 N,126.17 E,충남 보령시 서남서쪽 43km 해역
8/4/13 19:58,2.3,36.20 N,126.16 E,충남 보령시 서남서쪽 43km 해역
8/7/13 21:08,2,36.19 N,126.08 E,충남 보령시 서남서쪽 51km 해역
8/10/13 12:43,2.6,35.90 N,129.75 E,경북 포항시 남구 동남동쪽 37km 해역
8/11/13 4:19,2.3,38.48 N,126.13 E,북한 황해북도 평산 북서쪽 28km 지역
8/12/13 4:33,3.1,35.66 N,129.75 E,울산 동구 동북동쪽 35km 해역
8/12/13 4:39,2.3,35.66 N,129.77 E,울산 동구 동북동쪽 36km 해역
8/13/13 0:01,2.1,36.92 N,129.44 E,경북 울진군 남남동쪽 8km 해역
8/13/13 0:36,3,36.91 N,129.44 E,경북 울진군 남남동쪽 10km 해역
8/29/13 8:35,2.5,38.19 N,129.3 E,강원 강릉시 북동쪽 60km 해역
9/11/13 13:00,4,33.56 N,125.39 E,전남 신안군 가거도 남남동쪽 60km 해역
9/14/13 17:33,2.2,36.20 N,126.16 E,충남 보령시 서남서쪽 43km 해역
9/15/13 13:16,2.3,36.55 N,129.23 E,경북 영양군 남동쪽 16km 지역
10/10/13 13:08,2.6,35.36 N,128.23 E,경남 의령군 북서쪽 5km 지역
10/11/13 16:06,3.6,36.46 N,129.61 E,경북 영덕군 동북동쪽 22km 해역
10/19/13 0:16,2,35.96 N,128.06 E,경북 김천시 남쪽 20km 지역
10/26/13 6:47,2.7,37.96 N,124.61 E,인천 백령도 서쪽 6km 해역
11/8/13 19:14,2.6,36.23 N,126.36 E,충남 보령시 서남서쪽 25km 해역
11/8/13 21:02,3,36.24 N,126.36 E,충남 보령시 서남서쪽 25km 해역
11/10/13 16:28,2,37.66 N,124.67 E,인천 백령도 남쪽 33km 해역
11/16/13 22:32,2.1,38.51 N,125.66 E,북한 황해북도 사리원 서쪽 9km 지역
11/20/13 21:07,2.1,38.47 N,126.17 E,북한 황해북도 평산 북서쪽 25km 지역
11/22/13 23:29,2.1,36.99 N,126.4 E,충남 서산시 북북서쪽 24km 지역
11/26/13 2:26,2.1,37.12 N,128.11 E,충북 제천시 서남서쪽 10km 지역
12/2/13 20:02,2.8,38.56 N,126.1 E,북한 황해북도 사리원 동북동쪽 30km 지역
12/3/13 21:00,2.5,35.64 N,128.72 E,경북 청도군 서남서쪽 2km 지역
12/4/13 6:28,2.4,38.71 N,125.69 E,북한 황해북도 송림 동남동쪽 6km 지역
12/8/13 16:38,2.8,33.44 N,125.09 E,제주 제주시 고산 서쪽 101km 해역
12/13/13 11:40,2.5,36.10 N,129.04 E,경북 영천시 북북동쪽 17km 지역
12/19/13 12:38,2.9,38.11 N,127.11 E,경기 연천군 동북동쪽 3km 지역
1/29/14 6:08,2.2,36.23 N,128.8 E,경북 의성군 남동쪽 16km 지역
2/5/14 23:06,2.8,38.26 N,124.4 E,북한 황해남도 용연군 장산곶 서북서쪽 29km 해역
2/21/14 21:17,2.7,35.05 N,127.75 E,전남 광양시 북북동쪽 13km 지역
2/22/14 20:44,2.6,38.31 N,124.27 E,북한 황해남도 용연군 장산곶 서북서쪽 42km 해역
2/28/14 3:20,2.4,38.74 N,125.01 E,북한 남포 서쪽 22km 해역
3/11/14 11:39,2.7,35.86 N,128.47 E,대구 달성군 서북서쪽 9km 지역
3/14/14 12:59,2.5,39.41 N,126.09 E,북한 평안남도 성천 북북서쪽 21km 지역
3/28/14 10:40,3,36.47 N,127.93 E,경북 상주시 서북서쪽 22km 지역
4/1/14 4:48,5.1,36.95 N,124.5 E,충남 태안군 서격렬비도 서북서쪽 100km 해역
4/1/14 9:25,2.3,36.95 N,124.5 E,충남 태안군 서격렬비도 서북서쪽 100km 해역
4/8/14 6:19,2.7,36.96 N,124.44 E,충남 태안군 서격렬비도 서북서쪽 105km 해역
4/12/14 1:44,2.6,33.52 N,126.9 E,제주 제주시 동쪽 34km 지역
4/13/14 14:02,2.9,36.93 N,124.52 E,충남 태안군 서격렬비도 서북서쪽 97km 해역
4/25/14 12:14,2.9,35.97 N,128.04 E,경북 김천시 남남서쪽 19km 지역
4/26/14 14:08,2.7,36.46 N,127.93 E,경북 상주시 서북서쪽 21km 지역
5/15/14 8:46,3.4,33.00 N,126.21 E,제주 제주시 고산 남쪽 33km 해역
6/5/14 13:29,2.3,35.97 N,128.62 E,대구 동구 북쪽 10km 지역
6/8/14 4:05,2.6,33.52 N,125.96 E,제주 제주시 고산 북서쪽 31km 해역
6/18/14 9:59,2.1,35.91 N,128.66 E,대구 동구 북쪽 4km 지역
6/21/14 8:29,2.6,38.77 N,125.89 E,북한 황해북도 송림 동쪽 22km 지역
7/3/14 21:57,3.5,35.66 N,129.76 E,울산 동구 동북동쪽 35km 해역
7/3/14 22:04,2.6,35.66 N,129.82 E,울산 동구 동북동쪽 40km 해역
7/4/14 0:11,2.5,35.65 N,129.81 E,울산 동구 동북동쪽 39km 해역
7/4/14 4:13,2.9,35.66 N,129.78 E,울산 동구 동북동쪽 37km 해역
7/4/14 6:27,2.2,34.51 N,125.41 E,전남 신안군 흑산면 남남서쪽 17km 해역
8/2/14 1:32,2.2,37.40 N,127.2 E,경기 광주시 서남서쪽 5km 지역
8/5/14 6:16,2.5,40.11 N,127.2 E,북한 함경남도 신흥 서북서쪽 20km 지역
8/10/14 18:07,2.4,38.15 N,126.63 E,북한 개성 북북동쪽 21km 지역
8/16/14 0:51,2.1,33.59 N,126.58 E,제주 제주시 북북동쪽 11km 해역
8/18/14 5:13,2.1,36.57 N,125.64 E,충남 태안군서격렬비도 동남동쪽 10km 해역
8/21/14 22:30,2.7,33.87 N,127.83 E,전남 여수시 거문도 동남동쪽 51km 해역
9/9/14 0:24,2.2,35.68 N,129.38 E,경북 경주시 남동쪽 23km 지역
9/23/14 15:27,3.5,35.80 N,129.41 E,경북 경주시 동남동쪽 18km 지역
9/25/14 2:26,3.8,35.07 N,129.94 E,울산 동구 남동쪽 67km 해역
9/28/14 21:32,3.2,37.24 N,126.44 E,인천 옹진군 남서쪽 30km 지역
10/1/14 16:34,2.2,36.67 N,125.45 E,충남 태안군 서격렬비도 북서쪽 11km 해역
10/7/14 1:57,2.9,33.30 N,125.96 E,제주 제주시 고산 서쪽 19km 해역
10/11/14 22:11,2.3,37.73 N,129.43 E,강원 동해시 북동쪽 36km 해역
10/19/14 19:57,2.6,36.44 N,128.19 E,경북 상주시 북동쪽 4km 지역
10/20/14 21:15,2.2,33.68 N,125.88 E,제주 제주시 고산 북북서쪽 50km 해역
10/21/14 6:33,2.3,35.21 N,129.49 E,부산 기장군 동쪽 24km 해역
10/28/14 19:07,2.2,38.00 N,125.34 E,북한 황해남도 옹진 북북동쪽 8km 지역
11/6/14 4:25,2.5,37.23 N,126.44 E,인천 옹진군 남남서쪽 30km 해역
11/6/14 14:48,2.3,33.34 N,125.89 E,제주 제주시 고산 서북서쪽 26km 해역
11/15/14 3:31,2.5,38.77 N,126.36 E,북한 황해북도 신계 북북서쪽 34km 지역
12/8/14 5:28,3.3,34.75 N,127.17 E,전남 보성군 동남동쪽 8km 지역
12/15/14 9:08,2.1,39.09 N,126.52 E,북한 평안남도 양덕 남서쪽 16km 지역
12/24/14 20:33,2.1,35.89 N,127.33 E,전북 완주군 동쪽 15km 지역
12/30/14 15:36,2.6,35.21 N,124.79 E,전남 신안군 흑산면 북서쪽 88km 해역
1/6/15 13:06,2.8,38.43 N,126.28 E,북한 황해북도 평산 북서쪽 17km 지역
1/8/15 20:15,3.5,37.51 N,125.63 E,인천 옹진군 연평도 남남서쪽 18km 해역
1/31/15 5:10,2.2,36.60 N,129.45 E,경북 영덕군 북북동쪽 22km 해역
2/3/15 19:54,2.1,33.61 N,127.57 E,전남 여수시 거문도 남남동쪽 52km 해역
2/19/15 14:25,2.1,36.09 N,125.05 E,충남 태안군 서격렬비도 남서쪽 71km 해역
2/23/15 4:54,2.7,32.96 N,126.25 E,제주 제주시 고산 남남동쪽 38km 해역
3/10/15 13:10,2.7,37.36 N,125.15 E,인천 옹진군 연평도 남서쪽 59km 해역
3/19/15 12:54,2.2,34.16 N,128.37 E,경남 통영시 욕지도 남남동쪽 54km 해역
3/19/15 16:20,2.7,36.43 N,127.65 E,충북 옥천군 북북동쪽 16km 지역
4/13/15 18:02,3.3,37.18 N,125.47 E,인천 옹진군 연평도 남남서쪽 58km 해역
4/15/15 4:10,2.9,35.14 N,129.93 E,울산 동구 남동쪽 61km 해역
4/21/15 2:05,2.1,35.88 N,129.75 E,경북 포항시 남구 동남동쪽 38km 해역
4/24/15 10:14,2.3,35.88 N,129.69 E,경북 포항시 남구 동남동쪽 33km 해역
6/2/15 1:01,2,36.76 N,129.98 E,경북 울진군 동남동쪽 57km 해역
6/7/15 20:54,2.1,33.79 N,126.16 E,제주 제주시 북서쪽 48km 해역
6/17/15 0:55,2.3,38.41 N,125.57 E,북한 황해남도 안악 남남동쪽 13km 지역
6/22/15 12:02,2.6,35.85 N,125.0 E,충남 태안군 서격렬비도 남남서쪽 96km 해역
6/22/15 12:44,2.4,36.35 N,127.24 E,충남 공주시 남동쪽 15km 지역
7/4/15 8:49,2.1,36.32 N,128.18 E,경북 상주시 남쪽 10km 지역
7/8/15 11:01,2,37.63 N,125.86 E,인천 옹진군 연평도 동남동쪽 14km 해역
7/14/15 14:34,2.8,33.24 N,127.01 E,제주 서귀포시 성산 남동쪽 20km 해역
7/18/15 21:15,2.3,36.07 N,128.08 E,경북 김천시 남남서쪽 7km 지역
7/20/15 1:33,2.2,33.26 N,127.21 E,제주 서귀포시 성산 동남동쪽 34km 해역
7/23/15 4:02,2.6,33.22 N,127.05 E,제주 서귀포시 성산 남동쪽 24km 해역
7/30/15 9:39,2.2,35.15 N,127.98 E,경남 사천시 북서쪽 12km 지역
8/1/15 23:58,2.2,35.32 N,127.45 E,전남 구례군 북쪽 13km 지역
8/2/15 3:22,2.1,37.19 N,128.44 E,강원 영월군 서북서쪽 2km 지역
8/3/15 10:11,3.7,33.26 N,127.06 E,제주 서귀포시 성산 남동쪽 22km 해역
8/12/15 17:09,2.2,37.17 N,127.5 E,경기 이천시 남남동쪽 13km 지역
8/17/15 16:56,2.5,37.20 N,125.38 E,인천 옹진군 연평도 남남서쪽 59km 해역
8/23/15 9:19,2.5,36.38 N,129.77 E,경북 영덕군 동쪽 36km 해역
9/1/15 13:47,2.5,39.09 N,126.53 E,북한 평안남도 양덕 남서쪽 16km 지역
9/3/15 4:53,2.7,33.27 N,127.04 E,제주 서귀포시 성산 남동쪽 20km 해역
9/18/15 10:12,2.1,34.70 N,128.75 E,경남 통영시 매물도 동북동쪽 17km 해역
10/1/15 9:21,2.5,35.78 N,129.14 E,경북 경주시 남서쪽 9km 지역
10/1/15 14:06,2.1,35.78 N,129.14 E,경북 경주시 남서쪽 9km 지역
10/11/15 0:55,2.1,33.30 N,127.02 E,제주 서귀포시 성산 남동쪽 16km 해역
10/26/15 23:29,2.1,34.09 N,126.85 E,전남 완도군 남남동쪽 26km 해역
10/30/15 15:17,2.9,35.74 N,129.37 E,경북 경주시 남동쪽 18km 지역
11/13/15 20:04,2.6,35.80 N,129.42 E,경북 경주시 동남동쪽 19km 지역
11/24/15 11:27,3.2,35.67 N,129.82 E,울산 동구 동북동쪽 41km 해역
11/24/15 14:10,2.4,35.69 N,129.75 E,울산 동구 북동쪽 36km 해역
12/11/15 1:25,2.1,36.90 N,126.58 E,충남 당진시 서북서쪽 5km 지역
12/22/15 4:31,3.9,36.02 N,126.95 E,전북 익산시 북쪽 8km 지역
1/6/16 20:39,3,36.01 N,128.07 E,경북 김천시 남쪽 14km 지역
1/23/16 7:14,2.4,38.42 N,126.25 E,북한 황해북도 평산 북서쪽 16km 지역
1/25/16 18:40,2.3,36.22 N,128.69 E,경북 의성군 남쪽 14km 지역
1/31/16 3:03,2,36.95 N,129.92 E,경북 울진군 동쪽 46km 해역
2/11/16 5:57,3.1,36.21 N,127.48 E,충남 금산군 북쪽 12km 지역
2/24/16 23:22,2.9,33.52 N,125.92 E,제주 제주시 고산 북서쪽 34km 해역
2/26/16 18:46,2.2,33.23 N,127.19 E,제주 서귀포시 성산 동남동쪽 34km 해역
2/28/16 16:52,2.5,38.73 N,125.85 E,북한 황해북도 송림 동쪽 19km 지역
3/2/16 14:04,2.4,36.36 N,127.2 E,충남 공주시 남동쪽 12km 지역
3/5/16 11:11,3.3,35.61 N,129.82 E,울산 동구 동북동쪽 38km 해역
3/14/16 5:17,3.1,38.71 N,125.87 E,북한 황해북도 송림 동쪽 21km 지역
3/15/16 3:00,2.7,36.31 N,128.21 E,경북 상주시 남남동쪽 12km 지역
3/15/16 3:38,2.4,37.59 N,129.95 E,강원 삼척시 동북동쪽 71km 해역
3/27/16 14:52,2.3,35.33 N,130.04 E,울산 동구 동남동쪽 59km 해역
3/27/16 18:28,3,39.17 N,125.97 E,북한 평안남도 평성 남동쪽 12km 지역
3/28/16 14:34,2.9,35.22 N,127.96 E,경남 진주시 서북서쪽 12km 지역
4/13/16 5:28,2.1,35.92 N,127.93 E,경북 김천시 남남서쪽 28km 지역
4/21/16 15:53,2.7,33.52 N,125.92 E,제주 제주시 고산 북서쪽 34km 해역
4/21/16 15:55,2.7,33.53 N,125.89 E,제주 제주시 고산 북서쪽 36km 해역
4/25/16 11:42,2.3,33.51 N,125.91 E,제주 제주시 고산 북서쪽 34km 해역
4/27/16 19:27,2.3,35.57 N,128.34 E,경남 합천군 동쪽 16km 지역
4/28/16 10:16,2.6,35.42 N,128.56 E,경남 창녕군 남남동쪽 15km 지역
4/30/16 22:46,2.6,37.75 N,125.4 E,북한 황해남도 옹진 남쪽 20km 지역
5/3/16 3:29,2.1,37.12 N,129.02 E,강원 태백시 남남동쪽 5km 지역
5/12/16 13:37,2.5,34.69 N,126.8 E,전남 강진군 북북동쪽 6km 지역
5/22/16 1:22,3.5,40.68 N,127.15 E,북한 함경남도 장진 북북서쪽 34km 지역
5/24/16 4:52,2.3,33.61 N,125.56 E,제주 제주시 고산 서북서쪽 66km 해역
6/3/16 4:53,3,36.39 N,127.92 E,경북 상주시 서쪽 22km 지역
6/5/16 10:11,2.2,36.00 N,129.58 E,경북 포항시 남구 동쪽 20km 해역
6/7/16 16:06,2.3,33.05 N,126.17 E,제주 제주시 고산 남쪽 27km 해역
6/13/16 12:33,2.7,34.30 N,124.68 E,전남 신안군 흑산면 서남서쪽 82km 해역
6/15/16 2:07,2.6,35.87 N,129.69 E,경북 포항시 남구 동남동쪽 33km 해역
6/21/16 3:23,3.1,39.49 N,126.19 E,북한 평안남도 성천 북쪽 28km 지역
6/25/16 3:24,2.6,38.74 N,125.86 E,북한 황해북도 송림 동쪽 20km 지역
7/5/16 20:33,5,35.51 N,129.99 E,울산 동구 동쪽 52km 해역
7/5/16 21:24,2.6,35.51 N,129.87 E,울산 동구 동쪽 41km 해역
7/9/16 4:47,2.3,35.48 N,129.97 E,울산 동구 동쪽 50km 해역
7/9/16 13:16,2.6,38.69 N,125.83 E,북한 황해북도 송림 동남동쪽 18km 지역
7/13/16 14:13,2,36.80 N,128.53 E,경북 영주시 서쪽 9km 지역
7/14/16 22:31,2.8,35.12 N,130.24 E,울산 동구 동남동쪽 86km 해역
7/30/16 1:51,2.3,33.06 N,126.33 E,제주 서귀포시 남서쪽 27km 해역
8/16/16 11:57,2,36.76 N,128.84 E,경북 안동시 북북동쪽 24km 지역
8/17/16 11:17,2.7,38.38 N,128.08 E,강원 양구군 북북동쪽 31km 지역(북한지역)
8/18/16 17:08,2.1,38.18 N,125.46 E,인천 옹진군 연평도 남남서쪽 58km 해역
8/18/16 22:21,2.6,38.84 N,125.7 E,북한 황해북도 송림 북북동쪽 13km 지역
8/20/16 12:18,3,38.38 N,128.09 E,강원 양구군 북북동쪽 32km 지역(북한지역)
8/20/16 18:54,2.6,33.49 N,127.3 E,제주 서귀포시 동북동쪽 41km 해역
8/28/16 21:27,2.4,38.65 N,127.16 E,북한 강원 평강 북북서쪽 29km 지역
8/28/16 23:27,2.3,35.64 N,127.47 E,전북 장수군 서쪽 5km 지역
8/30/16 0:39,2.6,35.55 N,128.03 E,경남 합천군 서쪽 13km 지역
9/12/16 19:44,5.1,35.76 N,129.19 E,경북 경주시 남남서쪽 9km 지역
9/12/16 20:32,5.8,35.77 N,129.18 E,경북 경주시 남남서쪽 8km 지역
9/13/16 0:37,3.1,35.78 N,129.21 E,경북 경주시 남쪽 6km 지역
9/13/16 8:24,3.2,35.76 N,129.17 E,경북 경주시 남남서쪽 10km 지역